,BTL ,QUESTION
457,3,How to find XOR of two number without using XOR operator?
1129,6,Create an architecture for a decentralized application (dApp) that leverages blockchain technology for peer-to-peer transactions.
607,4,Analyze the impact of electromagnetic interference (EMI) on the performance of electronic systems and propose mitigation techniques.
549,3,Explain how you can set up the database in django?
505,3,Can you compare and contrast the strengths and weaknesses of binary search trees and skip lists?
717,4,Analyze the effectiveness of various network security protocols (SSL/TLS vs. IPsec) in securing communications.
829,5,Assess the reliability of a virtual private network (VPN) for securing remote access to corporate networks.
610,4,Compare and contrast different routing protocols used in wireless sensor networks and analyze their suitability for various applications.
635,4,Can you explain the use of the __init__ method in Python classes?
871,5,"How does the LEGB (Local, Enclosing, Global, Built-in) rule work?"
137,1,How does Hash actually works internally?
1130,6,Propose a method for implementing a secure messaging platform using end-to-end encryption and privacy-preserving techniques.
524,3,Evaluate the evidence supporting the use of deep learning models for natural language processing tasks.
330,2,Consider you're designing a wireless sensor network for environmental monitoring. Explain how you would select suitable communication protocols and energy-efficient routing algorithms to prolong network lifetime and data reliability.
1021,6,Plan a distributed computing framework for processing large-scale scientific datasets across multiple heterogeneous computing nodes.
385,3,Find a pair with given sum in a BST?
797,5,"How does the CAP theorem (Consistency, Availability, Partition Tolerance) impact the design and operation of distributed databases and systems?"
490,3,Find Reverse Level Order Traversal of Binary Tree?
913,5,How can a stack help in solving problems related to parsing expressions?
256,2,Are there any privacy or security considerations associated with the data?
1081,6,"Distributed Networking Architecture (SDN): You are leading a team of IT engineers in designing a software-defined networking (SDN) solution for a large enterprise network. Create a software-defined networking architecture that centralizes network management and control, decouples network hardware from software, and enables network automation and programmability for dynamic provisioning and optimization of network resources."
831,5,Judge the efficiency of a cybersecurity incident response plan in containing and mitigating the impact of a data breach.
511,3,Analyze the potential risks and benefits of using facial recognition technology for law enforcement and surveillance purposes.
749,4,Software Testing and Quality Assurance
418,3,"In Python, why are immutable objects preferred for use as dictionary keys, and how does immutability contribute to consistent hashing and dictionary behavior?"
1125,6,Propose an approach for using machine learning algorithms to enhance predictive analytics in healthcare for patient diagnosis and treatment.
512,3,Critically evaluate the impact of quantum computing on cryptography and cybersecurity protocols.
78,1,How to find duplicate element in a limited range array?
29,1,What are the conditions that need to be maintained to ensure that a binary tree remains a valid binary search tree?
350,2,"Explain the concept of recursion in data structures, providing examples of recursive algorithms for tree traversal and graph traversal."
834,5,Criticize the reliability of a network intrusion detection system (NIDS) in accurately identifying and blocking malicious network traffic.
49,1,"Are there any real-world scenarios where a self-adjusting binary search tree, like a splay tree, would be particularly useful?"
783,5,"How does the concept of self-balancing Binary Search Trees, like AVL trees or Red-Black trees, improve the efficiency of basic operations?"
775,5,Can you provide an example of how a binary search tree can be used to sort data?
366,2,Don't you think Algorithm and Data Structure should be completed in the same semester instead of seperate semester?
206,1,How do you define and call methods on strings in Python?
698,4,Analyze the performance implications of using REST versus WebSockets for real-time communication in IoT applications.
219,1,What is the Global Interpreter Lock (GIL) in Python and its implications on multithreading?
576,4,Propose and justify strategies for mitigating the risks associated with insider threats in corporate IT environments.
65,1,How does the choice of traversal strategy impact the performance of binary search trees in different scenarios?
141,1,What does negative indexing mean?
1086,6,Create a system for automatically generating personalized music playlists based on user preferences and listening habits using machine learning.
696,4,Analyze the trade-offs between using GraphQL versus REST APIs for web application data fetching.
996,6,Invent a new algorithm for optimizing cloud resource provisioning based on dynamic workload patterns and performance requirements.
873,5,"What is the ""recursion depth"" or ""recursion depth limit,"" and how does it impact the maximum depth of recursive calls a program can make?"
397,3,"How does the concept of ""rotation"" come into play when balancing a binary search tree?"
806,5,"When visualizing time-series data, what are the best practices for handling temporal changes and trends?"
316,2,Compare the different types of distance metrics used in clustering and classification tasks.
496,3,How does the choice of the root node impact the overall structure and balance of a binary search tree?
347,2,"Explain the concept of virtual memory management in operating systems, discussing techniques such as paging and segmentation."
262,2,Can we handle the large amount of data in small amount of time?
276,2,"Have you used any external libraries for specific tasks, such as data analysis, web development, or machine learning?"
875,5,"What is the principle of ""Divide and Conquer,"" and how is it related to recursion?"
333,2,"Suppose you're troubleshooting a voice quality issue in a cellular network. Describe the key performance indicators (KPIs) and metrics you would analyze to identify factors affecting call drops, latency, and audio distortion."
681,4,Compare the advantages of Agile versus Waterfall methodologies in software development projects.
1074,6,"Hybrid Cloud Infrastructure: You are leading a team of IT architects in designing a hybrid cloud infrastructure for a multinational corporation. Create a hybrid cloud architecture that seamlessly integrates on-premises data centers with public cloud services, incorporating workload migration strategies, data synchronization mechanisms, and security controls for hybrid cloud environments."
290,2,Can it be used to store user passwords?
680,4,Software Development and Methodologies
614,4,Compare and contrast different methods for secure authentication in wireless communication systems and analyze their vulnerabilities.
71,1,How can you emulate the behavior of a 'do-while' loop in Python?
94,1,What are the rules for naming variables in Python?
33,1,What challenges might arise when working with binary search trees in a concurrent or multi-threaded environment?
300,2,"Can you explain the concept of a ""comprehension"" in Python?"
245,1,How can thread synchronization mechanisms impact the usage of thread stacks?
410,3,"Explain the ""minimum spanning tree"" (MST) problem and how algorithms like Kruskal's and Prim's algorithms address the challenge of finding the tree with the least total edge weight?"
1113,6,"Formulate a plan for integrating Internet of Things (IoT) devices into smart home systems, emphasizing security and interoperability."
958,5,Could you explain the process of swapping adjacent elements in a doubly linked list?
77,1,How to find count of distinct elements in every sub-array of size k?
84,1,How to find the surpasser count for each element of an array?
936,5,Could you provide an example of how a doubly linked list can be used in a real-world application?
82,1,How to find maximum length sub-array having equal number of 0's and 1's?
435,3,How do I concatenate two lists?
1077,6,"Blockchain-Based Supply Chain Management: You are designing a blockchain-based supply chain management system for tracking and tracing products across the supply chain. Create a blockchain network that provides transparency, traceability, and immutability of supply chain transactions, incorporating smart contracts for automating contract execution, provenance tracking, and real-time visibility into product movements."
499,3,"Can you elaborate on the concept of ""binary search tree iterators"" and their role in efficient tree traversal?"
633,4,Are the print syntax the same in every programming language?
801,5,What are the main challenges associated with big data processing and analysis?
612,4,Evaluate the feasibility of using blockchain technology for secure and transparent supply chain management in the electronics industry.
348,2,"Differentiate between TCP and UDP protocols in terms of their reliability, ordering guarantees, and overhead."
5,1,Find Diagonal Traversal of Binary Tree?
992,6,Propose a new approach for integrating artificial intelligence (AI) and robotics technologies to automate and optimize warehouse management processes.
104,1,What is the concept of variable scope in Python?
97,1,What is __init__?
335,2,"Suppose you're planning the deployment of a fiber optic network for high-speed internet access. Describe the fiber optic cable types, connector interfaces, and installation techniques you would use to optimize signal integrity and bandwidth."
983,6,Invent a novel technique for automatically generating code documentation that enhances readability and maintainability of software projects.
566,4,Does Hashing can help in constructing Data?
1038,6,Plan a disaster recovery strategy for ensuring business continuity in the event of a widespread cyberattack or natural disaster affecting critical infrastructure.
322,2,"Discuss the principles of semi-supervised learning techniques, explaining their use for leveraging unlabeled data to improve model performance."
307,2,is there any easiest way to solve recursion problem?
857,5,Debate the ethical considerations of using facial recognition technology in public transportation systems for passenger identification.
1123,6,Design a method for optimizing the energy consumption of data centers through intelligent workload management and resource allocation.
386,3,Find ancestors of given node in a Binary Tree?
473,3,Find Greatest Common Divisor (GCD) of 2 numbers using recursion?
1046,6,Invent a solution for securely sharing and collaborating on sensitive documents among distributed teams using encryption and access control mechanisms.
636,4,Explain the concept of decorators in Python and provide an example.
118,1,How does linear hashing enable dynamic resizing of hash tables without rehashing all elements?
819,5,"Debate the ethical considerations of using autonomous vehicles in terms of safety, liability, and societal impact."
291,2,Can we use Hashing in Game?
1010,6,Invent a new framework for automatic machine learning (AutoML) that optimizes both model selection and hyperparameter tuning for various machine learning tasks.
616,4,Critically analyze the challenges and benefits of implementing blockchain technology in the aerospace industry for managing aircraft maintenance records.
9,1,How can you efficiently find the kth smallest or largest element in a Binary Search Tree without traversing the entire tree?
408,3,"How does the structure of a binary search tree affect the time complexity of various operations, such as insertion, deletion, and searching?"
237,1,What is the difference between stack memory and heap memory?
743,4,Analyze the importance of responsive design versus adaptive design in web applications.
81,1,How to find majority element in an array (BoyesMoore majority vote algorithm)?
1058,6,Plan a satellite communication system for providing broadband internet access to remote and underserved regions around the world.
601,4,Compare and contrast different error correction codes used in digital communication systems and analyze their performance in noisy channels.
1119,6,Propose a method for using augmented reality (AR) to enhance user experience in mobile gaming applications.
280,2,Does graph can be used in websites?
374,2,Will recursion make the stack queue easier than usual function?
252,1,How distributed stack-based memory allocation can be advantageous for resource management?
1143,6,Propose a method for optimizing the performance of machine learning models through hyperparameter tuning and feature selection.
703,4,Analyze the effectiveness of containerization (Docker) versus virtualization (VMware) for cloud application management.
562,3,Explain what is multithreading in c?
268,2,Is graph really necessary for a research paper?
1026,6,"Propose a framework for federated learning in edge computing environments, allowing devices to collaboratively train a shared model while preserving privacy."
1078,6,"Identity and Access Management (IAM) System: You are designing an identity and access management (IAM) system for a global enterprise to manage user identities and access privileges across distributed IT environments. Create an IAM architecture that centralizes user authentication, authorization, and access control policies, supporting single sign-on (SSO), multi-factor authentication (MFA), and role-based access control (RBAC) for secure and seamless access to resources."
961,5,"In what scenarios would using a doubly linked list be more suitable than using a dynamic array, especially when considering memory allocation and resizing?"
218,1,What is the purpose of virtual environments in Python development?
1112,6,Develop a system for automating software testing processes using continuous integration and continuous deployment (CI/CD) pipelines.
638,4,Write a program to produce the Fibonacci series in Python.
718,4,Compare the strengths and weaknesses of functional programming versus object-oriented programming.
626,4,"Explain the process of using array formulas in Excel, providing an example of their application."
843,5,Judge the effectiveness of a web application firewall (WAF) in protecting web servers from common security threats and attacks.
458,3,What are Python's data types and how are they used?
7,1,Find the Lowest Common Ancestor (LCA) of two nodes in a BST?
196,1,What is the role of the 'global' keyword in Python?
1107,6,Plan a methodology for conducting a thorough code review process to ensure software quality and security in development teams.
984,6,Formulate a new approach for dynamic resource allocation in cloud computing environments to optimize cost and resource utilization.
382,3,Propose innovative solutions for securing wireless networks against advanced persistent threats and evaluate their effectiveness.
1043,6,Devise a system for automatically monitoring and optimizing energy consumption in smart buildings using IoT sensors and actuators.
778,5,"Can you explain how binary search trees can be used to implement various set operations like union, intersection, and difference?"
942,5,How do you handle memory deallocation and potential memory leaks when working with doubly linked lists?
704,4,Evaluate the trade-offs between using a public cloud versus a hybrid cloud approach for enterprise applications.
1056,6,Devise a system for automatically detecting and mitigating electromagnetic interference (EMI) in electronic devices and communication systems.
716,4,"Compare the features of different wireless communication protocols (Wi-Fi, Zigbee, LoRa) in IoT applications."
1111,6,"Propose a machine learning solution for predicting customer churn in subscription-based services, focusing on data-driven insights."
1035,6,Formulate a strategy for implementing edge computing solutions in remote industrial environments to enable real-time monitoring and control.
1033,6,Propose a novel approach for integrating blockchain technology into supply chain management systems to enhance transparency and traceability.
1045,6,Propose a framework for implementing zero-trust security architecture in enterprise networks to mitigate insider threats and unauthorized access.
773,5,"In the context of multithreaded programming, how do ""Threaded Binary Search Trees"" facilitate efficient traversal operations without requiring explicit recursion?"
851,5,Judge the effectiveness of a mobile device management (MDM) solution in securing and monitoring corporate-owned mobile devices.
561,3,Explain what is data abstraction in c?
1011,6,"Design a new algorithm for multi-modal sentiment analysis that integrates textual, visual, and auditory information to provide more comprehensive sentiment analysis results."
269,2,Is it really possible that data could solve any problem?
441,3,How to find duplicates within given range k in an array?
872,5,"What is inheritance in Python, and how does it facilitate code reuse and organization?"
253,1,How stack memory management can impact the scalability of parallel algorithms?
79,1,How to find Index of Maximum Occurring Element with Equal Probability?
148,1,What is the key difference between lists and tuples?
343,2,"Imagine you're implementing a reinforcement learning algorithm for training an autonomous robot to navigate a maze. Explain how you would define the environment, reward structure, and exploration-exploitation strategy to learn an optimal policy."
423,3,What is the use of Hashing?
412,3,"How does the Breadth-First Search (BFS) algorithm work, and how can it be employed to find the shortest path in an unweighted graph?"
621,4,Can big data really improve my research quality?
430,3,How does the length extension attack exploit weaknesses in certain hash functions?
43,1,"What is the difference between a ""binary search tree"" and a ""binary tree with the binary search property""?"
779,5,Can you provide an example of a real-world problem that can be effectively solved using a binary search tree?
133,1,Why do we need to learn Hashing?
712,4,Analyze the impact of data cleaning versus data augmentation on the quality of analysis results.
352,2,"Compare the various data serialization formats (e.g., JSON, XML, Protocol Buffers) in terms of efficiency and readability."
746,4,Evaluate the effectiveness of using simulation environments versus real-world testing for robot deployment.
552,3,Explain the concept of overfitting in machine learning and how it can be mitigated?
953,5,Can you explain how a doubly linked list can be used in an implementation of a music playlist?
0,1,Are there any scenarios or types of data where a binary search tree might not be the best choice?
1136,6,Create a framework for implementing DevOps practices in software development teams to enhance collaboration and efficiency.
364,2,Does apps datas need to be structured?
850,5,Criticize the reliability of a two-factor authentication (2FA) system in preventing unauthorized access to online accounts.
700,4,Compare the trade-offs between using local storage versus cloud storage for mobile app data caching.
500,3,Could you compare and contrast the time complexity of binary search in a sorted array with that in a binary search tree?
959,5,What are the advantages and disadvantages of using a doubly linked list over a singly linked list?
1110,6,Create an intelligent virtual assistant that leverages natural language processing to provide personalized responses in customer support.
1014,6,Design a new encryption scheme that combines the principles of RSA and elliptic curve cryptography for enhanced security.
213,1,"What are tuples in Python, and how are they different from lists?"
125,1,"What is hashing in Python, and how does it work?"
726,4,Compare the features and limitations of different graph traversal algorithms (DFS vs. BFS).
530,3,Analyze the trade-offs between using rule-based systems and machine learning approaches for decision-making in expert systems.
689,4,Evaluate the trade-offs between using batch learning versus online learning algorithms for streaming data.
1073,6,"Distributed Database System: You are tasked with designing a scalable and fault-tolerant distributed database system for a large-scale social media platform. Create a distributed database architecture that ensures high availability, consistency, and partition tolerance, incorporating techniques such as sharding, replication, and consensus protocols to handle massive data volumes and user interactions efficiently."
90,1,"What are operators in Python, and how do arithmetic, comparison, and logical operators work?"
1134,6,"Plan a strategy for deploying machine learning models in production environments, focusing on model monitoring and retraining."
222,1,What is a dequeue (double-ended queue) in Python and how does it differ from a regular queue?
416,3,"What is AVL tree data structure, its operations, and its rotations?"
315,2,"Interpret the concept of probabilistic graphical models, discussing their use for representing and reasoning under uncertainty."
1065,6,Plan a disaster recovery strategy for restoring communication networks in the aftermath of natural disasters such as earthquakes or hurricanes.
69,1,Find Duplicate Rows in a Binary Matrix?
332,2,"Imagine you're optimizing the throughput of a Wi-Fi network in a crowded urban area. Explain how you would mitigate interference, improve signal coverage, and prioritize traffic using quality of service (QoS) mechanisms."
131,1,What is the 'Key' in Hashing?
341,2,"Suppose you're training a convolutional neural network (CNN) for image classification tasks. Explain how you would preprocess image data, design the network architecture, and fine-tune model hyperparameters to optimize classification accuracy."
534,3,Solve a complex control problem using model predictive control techniques and evaluate the performance in dynamic environments.
379,3,Propose strategies for optimizing network performance in a cloud computing environment and evaluate their impact on scalability and reliability.
144,1,How can I sort a list in Python?
533,3,Analyze the impact of algorithmic bias on the fairness and inclusivity of machine learning models in hiring practices.
998,6,Create a new communication protocol for enabling seamless connectivity and data exchange between heterogeneous IoT devices in smart city environments.
780,5,What is the difference between a top-down and a bottom-up approach when constructing a balanced binary search tree?
135,1,"What is a hash tree (Merkle tree), and what are its advantages in data verification?"
510,3,Solve a hypothetical scenario involving a data breach in a healthcare organization and propose strategies for mitigating the impact on patient privacy.
205,1,What is the purpose of the else clause in a for loop in Python?
28,1,What are the challenges of concurrent access and modification in multi-threaded environments with binary search trees?
813,5,Assess the reliability of a software testing framework in detecting and fixing defects across multiple platforms and environments.
234,1,"What is a double-ended stack, and how is it different from a regular stack?"
1100,6,Propose a method for implementing a reinforcement learning approach for dynamic resource allocation in cloud computing environments.
777,5,How can you determine whether a given binary tree is a valid binary search tree?
685,4,Analyze the benefits of implementing code reviews versus automated testing in ensuring software quality.
210,1,What are list methods in Python?
724,4,Analyze the trade-offs between using hash tables versus binary search trees for data retrieval.
140,1,How many hashs can actually be called efficient and with what basis?
214,1,What is list comprehension?
6,1,Find k-th smallest node in a Binary Search Tree (BST)?
781,5,Can you provide examples of algorithms or strategies for converting a sorted array into a balanced binary search tree?
603,4,Solve a challenging optimization problem involving channel assignment in cellular networks and evaluate the impact on interference mitigation.
790,5,Describe various strategies for sorting large datasets that cannot fit into memory. How can external sorting algorithms be used to efficiently sort such datasets?
73,1,How do you declare a variable in Python?
825,5,"Assess the reliability of a distributed consensus algorithm (e.g., Paxos, Raft) for achieving fault tolerance in distributed systems."
523,3,Solve a complex optimization problem using genetic algorithms and evaluate the quality of the solutions obtained.
279,2,Is Graph hard?
145,1,How do I find the index of an element in a sorted or unsorted list?
956,5,"Can you explain the concept of a ""circular doubly linked list"" and the applications where it can provide advantages over other linked list variants?"
275,2,Explain Python namespace?
261,2,can data link with someone?
255,2,Are there any known biases or limitations in the data collection process?
800,5,"What are the key challenges in federated learning, and what techniques have been proposed to address them?"
132,1,What is the time complexity of basic operations get() and put() in HashMap class?
1168,6,Design a method for using artificial intelligence to enhance customer segmentation and targeted marketing campaigns.
642,4,Can a variable hold different types of data at different times during the execution of the program?
879,5,How can you implement a recursive algorithm to efficiently find the number of distinct subsequences within a given string?
475,3,What is the concept of recursive backtracking and its application in solving constraint satisfaction problems?
226,1,How buffer overflow attacks can target stack-based memory in software?
41,1,"What is the ""successor"" of a node in a binary search tree?"
1004,6,Develop a new framework for interpretable machine learning models that provide insights into model decision-making processes for better transparency and trust.
108,1,What is the difference between single quotes and double quotes for strings?
728,4,Compare the benefits and limitations of using blockchain technology versus traditional databases for data storage.
56,1,"What are the differences between a complete binary tree, a full binary tree, and a perfect binary tree?"
507,3,Analyze the potential security vulnerabilities introduced by Internet of Things (IoT) devices in smart home environments.
734,4,Compare the ethical implications of using AI in surveillance versus privacy preservation.
701,4,Analyze the impact of battery consumption in mobile applications versus IoT devices when using different communication protocols.
1030,6,Formulate an algorithm for automatically generating synthetic training data to augment limited datasets for training deep learning models.
495,3,How does the choice of a root node impact the balance and overall structure of a binary search tree?
24,1,"In the context of binary search trees, what is an ""ancestor"" and a ""descendant""?"
1006,6,Invent a new approach for federated learning that ensures privacy-preserving collaborative model training across multiple organizations without sharing raw data.
1099,6,Design a novel algorithm for optimizing the shape and configuration of automotive components such as air intakes and spoilers for improved aerodynamics.
667,4,Evaluate the benefits and limitations of using RESTful services versus gRPC for inter-service communication in microservices.
963,5,Could you provide examples of algorithms that utilize doubly linked lists for solving specific problems?
836,5,Assess the scalability of a content delivery network (CDN) for delivering multimedia content to a global audience.
1103,6,"Design a machine learning model for real-time fraud detection in financial transactions, incorporating anomaly detection techniques."
391,3,What are some techniques for converting an unbalanced binary search tree into a balanced one?
51,1,How does the binary search property impact the time complexity of searching for an element in a binary search tree?
436,3,How does Python handle memory allocation for lists?
629,4,"Can you explain the significance of different shapes used in a flowchart, like rectangles, diamonds, and ovals?"
1091,6,"You are leading a team of software engineers in developing a cutting-edge virtual reality (VR) application for immersive training simulations. Create a comprehensive project roadmap outlining the software development lifecycle, including requirements gathering, design, implementation, testing, and deployment phases, along with milestones and deliverables."
855,5,Judge the reliability of a security information and event management (SIEM) system in detecting and responding to cybersecurity incidents.
1101,6,Develop a framework for creating explainable AI systems that improve user understanding and trust in AI-driven decisions.
305,2,Is it possible to do a recursion without using loop?
1141,6,"Create a predictive analytics model for forecasting demand in retail, focusing on historical sales data and market trends."
854,5,Critique the accuracy of a natural language processing (NLP) model for sentiment analysis in customer feedback analysis.
824,5,Debate the ethical implications of using predictive analytics in law enforcement for crime prediction and prevention.
504,3,"How does the performance of binary search trees compare to hash tables for searching, insertion, and deletion operations?"
448,3,How can you convert a string to uppercase or lowercase in Python?
978,6,How to print all nodes using recursion?
560,3,Explain what is c objects?
18,1,How does the choice of insertion and deletion algorithms affect the balance of a binary search tree?
859,5,Judge the effectiveness of a network access control (NAC) solution in securing network endpoints and enforcing security policies.
632,4,Describe the characteristics of a pie chart.
706,4,Analyze the impact of using auto-scaling versus manual scaling strategies in cloud environments.
543,3,Analyze the ethical dilemmas associated with the development and deployment of autonomous drones for surveillance and reconnaissance missions.
420,3,What is a Merkle tree and how is it used in blockchain technology?
83,1,How to find Minimum Index of Repeating Element in an Array?
61,1,"What is the ""floor"" and ""ceiling"" operation in a binary search tree, and how are they useful?"
548,3,Explain how can you make a python script executable on unix?
313,2,"Explain the concept of data augmentation in deep learning, discussing techniques for generating synthetic data to improve model generalization."
326,2,"Interpret the concept of data privacy and ethics in AI & DS, discussing challenges such as algorithmic bias, data anonymization, and informed consent."
413,3,"In a weighted graph, how would you modify Dijkstra's algorithm to work with negative edge weights or to find the shortest path in a graph with a negative cycle?"
407,3,"How do you define a Binary Search Tree (BST), and what are the key properties that differentiate it from other binary trees?"
966,5,How does the use of a doubly linked list in a memory allocator contribute to managing memory fragmentation?
319,2,Compare the various types of recommendation systems in terms of their recommendation accuracy and scalability.
12,1,How do its color properties help maintain balance during tree operations?
223,1,What is a priority queue and how is it different from a regular queue?
421,3,What is a rainbow table and how can it be used to crack hashed passwords?
611,4,Critically analyze the challenges and opportunities of implementing Internet of Things (IoT) technologies in industrial automation systems.
1005,6,Propose a new method for automatically generating natural language descriptions of machine learning model predictions to enhance model explainability.
264,2,Can you add cells to store data?
711,4,Compare the benefits of using machine learning algorithms versus traditional statistical methods for data analysis.
841,5,Debate the ethical considerations of using facial recognition technology in public surveillance systems for crime prevention.
818,5,Judge the effectiveness of a bug bounty program in identifying and resolving security vulnerabilities in software applications.
707,4,Data Analysis and Visualization
553,3,"Explain the concept of regularization in machine learning. What are some common regularization techniques, and how do they help prevent overfitting?"
531,3,Critically evaluate the advantages and disadvantages of using reinforcement learning for training autonomous agents.
866,5,An IoT (Internet of Things) startup is assessing the security vulnerabilities of smart home devices connected to its platform.
748,4,Analyze the impact of sensor fusion techniques versus single sensor approaches in robotic perception.
217,1,What is the difference between a shallow copy and a deep copy of a list in Python?
807,5,Criticize the efficiency of a sorting algorithm in terms of time complexity and space complexity.
980,6,Design a novel data encryption scheme that ensures both security and efficiency in cloud storage environments.
895,5,"How to find the middle element of a singly linked list using slow and fast pointers, and what applications does this have?"
522,3,Critically analyze the performance of different machine learning algorithms for image classification tasks.
634,4,Write a program in Python to produce a star triangle.
446,3,"What is the concept of ""duck typing"" in Python with an example?"
204,1,What is the purpose of the backslash ('\') character in Python strings?
289,2,Can hash be used on a cryptocurrency site?
1159,6,Invent a method for using machine learning to optimize the performance of recommendation algorithms in e-commerce platforms.
1055,6,Formulate an algorithm for dynamically allocating resources in 5G networks to optimize network performance and user experience in highly dense urban areas.
892,5,How to write a recursive algorithm to find the shortest path in a maze?
428,3,Can two different objects have the same hash value in Python?
465,3,how to demonstrate the concept of vertex cover and provide an algorithm to find it?
74,1,How do you work with dictionaries in Python?
1051,6,"Hypothesize an approach for integrating blockchain technology into electronic voting systems to ensure transparency, security, and verifiability of election results."
113,1,"What is Dijkstra's algorithm, and how does it work?"
567,4,Provide examples of different data types?
708,4,Compare the effectiveness of various data visualization tools (Tableau vs. Power BI) in business intelligence.
697,4,Compare the advantages and limitations of using native versus cross-platform frameworks for mobile application development.
114,1,What is the difference between the Breadth First Search (BFS) and Depth First Search (DFS)?
470,3,"What is the purpose of the ""with"" statement in Python, and how is it used with context managers?"
89,1,What are namespaces and scopes in Python?
1102,6,"Create a robust cybersecurity framework for safeguarding sensitive data in a multi-cloud environment, focusing on data encryption and access controls."
1036,6,Devise a system for automatically analyzing network traffic patterns to detect and mitigate distributed denial-of-service (DDoS) attacks in real-time.
945,5,How would you implement a method to find the middle node of a doubly linked list in a single pass?
751,4,Analyze the effectiveness of different testing methodologies (unit testing vs. integration testing) in ensuring software quality.
11,1,How do binary search trees fare in terms of cache locality and memory access patterns?
449,3,How can you convert between different data types in Python?
1124,6,Create a framework for developing secure APIs that protect against common vulnerabilities such as SQL injection and cross-site scripting.
42,1,"What is the concept of a ""balanced"" binary search tree, and why is it important?"
208,1,How do you remove an element from a list without knowing its index?
469,3,What are the differences between append() and extend() methods in Python lists?
900,5,What is the significance of using a stack in converting infix expressions to postfix (or prefix) notation?
486,3,What are some scenarios where a binary search tree might outperform other common data structures?
1052,6,"Imagine a new wireless communication protocol optimized for low-power, long-range IoT applications. Design its modulation scheme and error correction mechanism."
1140,6,Devise a plan for integrating AI chatbots into customer service workflows to enhance response times and user satisfaction.
826,5,Judge the reliability of a software-defined storage (SDS) solution in optimizing data storage and retrieval across heterogeneous environments.
935,5,Doubly Linked Lists:
298,2,Determine if two strings are anagram or not?
388,3,Find the Diagonal Sum of given Binary Tree?
15,1,"How does a Red-Black tree work, and what are the properties that it maintains?"
769,5,"What are some common misconceptions or pitfalls associated with binary search trees, and how can they be avoided?"
377,3,Propose innovative solutions for addressing cybersecurity challenges in the era of quantum computing.
902,5,What happens if you try to pop an element from an empty stack?
263,2,Can we use AI to manipulate data?
220,1,How many type of queues are there?
1163,6,Create a system for managing and analyzing social media data to extract insights on customer sentiment and brand perception.
606,4,Propose and justify strategies for optimizing power consumption in mobile communication devices and evaluate their impact on battery life.
22,1,How is the insertion of a new element into a binary search tree different from inserting into a regular binary tree?
409,3,"How does the Hungarian algorithm efficiently solve the assignment problem in weighted bipartite graphs, and what are its applications?"
808,5,Judge the effectiveness of a machine learning model for sentiment analysis based on its accuracy and generalization performance.
1031,6,Devise a framework for evaluating the interpretability and trustworthiness of machine learning models in critical decision-making applications.
393,3,Are there any variations or extensions of binary search trees that are commonly used for specialized applications?
491,3,"How does the depth of a binary search tree affect the efficiency of its operations, and how can we minimize the depth?"
688,4,Analyze the impact of feature selection versus feature extraction on model performance in machine learning.
1002,6,Create a new deep learning architecture for generating realistic synthetic images that can be used for data augmentation in computer vision tasks.
244,1,What are the open problems in stack research?
770,5,How to convert a BST into a Greater Sum Tree without using extra space?
93,1,What are the differences between the 'for' loop and the 'while' loop in Python?
695,4,Compare the security implications of using cookies versus local storage for managing user sessions.
68,1,What are void pointers?
762,4,Analyze the trade-offs between using public versus private key infrastructures (PKI) in securing cloud communications.
325,2,"Discuss the principles of text preprocessing techniques, explaining their role in NLP tasks."
969,5,How could you implement an iterator for traversing a doubly linked list in both forward and backward directions?
494,3,"What is the significance of the ""in-order"" traversal in binary search trees?"
194,1,"What is the purpose of the ""staticmethod"" decorator, and how does it differ from the ""classmethod"" decorator?"
75,1,"How does ""cuckoo hashing"" differ from traditional hash tables, and what unique properties make it suitable for scenarios where constant-time operations are essential?"
874,5,What are the implications of changing a mutable object's state after it's been added to a dictionary?
506,3,How can binary search tree iterator be useful for efficiently iterating through elements in sorted order?
229,1,How does tail call optimization affect the usage of the call stack?
312,2,Compare the different types of anomaly detection algorithms in terms of their detection capabilities and computational complexity.
277,2,"Graph is more like mapping, isn't it?"
554,3,Explain what are access specifiers in c class what are the types?
672,4,Evaluate the benefits and limitations of employing penetration testing versus vulnerability scanning for identifying security weaknesses.
117,1,How can we reduce collisions?
986,6,Create a new framework for privacy-preserving data mining that enables collaborative analysis of sensitive datasets while protecting individual privacy.
586,4,Solve a hypothetical scenario involving a ransomware attack on a critical infrastructure system and propose strategies for recovery and prevention.
967,5,"How is memory management handled in a doubly linked list, especially when nodes are dynamically allocated?"
731,4,Compare the features and implications of implementing machine learning in edge computing versus cloud computing.
126,1,What is Hashing?
116,1,Can you store a duplicate key in Hashmap?
539,3,Analyze the ethical considerations surrounding the use of predictive analytics in credit scoring and loan approval processes.
835,5,Judge the effectiveness of a data anonymization technique in protecting sensitive information while preserving data utility.
57,1,"What are the fundamental characteristics of a Binary Search Tree (BST), and how do they contribute to efficient data storage and retrieval?"
816,5,Critique the effectiveness of a software-defined networking (SDN) solution in optimizing network resource allocation and traffic management.
1082,6,"AI-powered Virtual Assistant for Healthcare: You are tasked with developing an AI-powered virtual assistant for personalized healthcare management. Create a virtual assistant system that integrates natural language processing (NLP), machine learning, and personalized recommendation algorithms to provide personalized health advice, medication reminders, and lifestyle recommendations based on individual health profiles and preferences."
422,3,What is a rolling hash and how is it used in data compression and string algorithms?
309,2,Can you explain the fundamental operations associated with a stack?
46,1,Why are we learning Binary Search Tree?
402,3,What's the relationship between tree height and the efficiency of operations?
236,1,What is the concept of a stack with limited capacity and its applications?
102,1,What is inheritance in OOP?
1003,6,Design a novel algorithm for personalized recommendation systems that leverages both explicit and implicit user feedback to improve recommendation accuracy.
833,5,"Debate the ethical considerations of using biometric authentication methods (e.g., fingerprint, facial recognition) in consumer devices."
1000,6,Propose a new method for enhancing the security and privacy of wireless sensor networks through lightweight encryption and authentication mechanisms.
304,2,Is it possible to apply loops in Recursion?
503,3,How does insertion of data in sorted order in a binary search tree affect its time complexity?
817,5,Assess the scalability of a distributed file system for storing and retrieving large volumes of data in a fault-tolerant manner.
345,2,"Suppose you're clustering customer segments for targeted marketing campaigns. Explain how you would preprocess customer demographic data, select clustering algorithms, and evaluate cluster validity to identify meaningful segments."
394,3,Can you provide insights into the use of binary search trees in implementing symbol tables and dictionaries?
738,4,Analyze the implications of open-source versus proprietary software in promoting innovation and collaboration.
1146,6,Create an architecture for a multi-tenant software-as-a-service (SaaS) platform that ensures data isolation and security for users.
149,1,What are pointers in C?
124,1,What is double hashing and how does it differ from linear and quadratic probing?
950,5,"What is the concept of a ""dummy node"" and how it can be used to simplify operations on doubly linked lists?"
990,6,Design a new system for automatically detecting and mitigating zero-day vulnerabilities in enterprise software applications before they can be exploited by attackers.
50,1,How does balance impact the worst-case time complexity of operations?
406,3,How do self-balancing binary search trees like AVL trees ensure a balanced structure over time?
1104,6,Formulate a strategy for optimizing the performance of distributed databases in a large-scale web application.
142,1,Are elements of a list immutable?
536,3,Compare and contrast different techniques for feature selection in machine learning models and analyze their impact on model interpretability.
452,3,How do you handle exceptions and errors in Python using try-except blocks?
765,4,Analyze the implications of shared responsibility models versus traditional security frameworks in cloud environments.
373,2,Will basic function outsmart recursive function?
19,1,"How does the concept of ""tree rotation"" work, and what are its applications in binary search trees?"
1117,6,Plan a project for developing a digital twin of a manufacturing process to improve operational efficiency and predictive maintenance.
954,5,Can you explain how doubly linked lists can be used in LRU (Least Recently Used) cache replacement policies?
1022,6,Design a comprehensive cybersecurity strategy for safeguarding critical infrastructure systems against advanced persistent threats (APTs).
460,3,"What is the purpose of the ""pass"" statement in Python, and in what scenarios might it be utilized?"
628,4,Can flowcharts be used to explain concepts or processes to someone without a technical background?
1040,6,Propose a solution for integrating artificial intelligence and machine learning algorithms into healthcare systems for predictive diagnosis and personalized treatment.
38,1,What is a Red-Black tree?
216,1,"What is the difference between a list and a tuple in Python, both in terms of syntax and mutability?"
286,2,For an undirected graph with n vertices and e edges the sum of the degree of each vertex is equal tonA 2nnB 2enC e212nD 2n12?
1169,6,Invent a technique for using graph databases to model complex relationships and improve data retrieval efficiency in applications.
809,5,Assess the security vulnerabilities of a web application and recommend strategies for enhancing its cybersecurity posture.
898,5,"How can a stack be employed in a web browser's ""back"" functionality?"
1028,6,Design a compiler optimization technique that leverages machine learning to automatically generate more efficient code for specific hardware architectures.
195,1,What is the purpose of the 'items()' method in Python dictionaries?
328,2,"Explain the concept of model explainability in machine learning, discussing techniques for interpreting model predictions and building trust with stakeholders."
742,4,Compare the effectiveness of different user onboarding techniques (tutorials vs. tooltips) in enhancing user engagement.
682,4,Analyze the impact of continuous integration (CI) versus continuous deployment (CD) on software release cycles.
887,5,"How is the ""divide and conquer"" approach related to recursion, and provide examples of algorithms that follow this paradigm?"
17,1,How does having a skewed binary search tree affect the time complexity of operations?
127,1,What is Linear probing in hashing?
375,3,Evaluate the ethical considerations surrounding the use of predictive analytics in criminal justice systems for risk assessment and sentencing.
296,2,Can you provide insights into the challenges and techniques of parallelizing recursive algorithms to take advantage of multi-core processors and distributed computing systems?
798,5,"Python provides various libraries and frameworks for data analysis and scientific computing, such as NumPy, pandas, and SciPy."
1144,6,Formulate a strategy for creating an immersive virtual reality (VR) training environment for employee onboarding and skill development.
231,1,In what ways does a thread's stack memory contribute to its isolation from other threads?
115,1,"Additionally, how can you identify the most time-efficient route if there is a constraint on the maximum number of cities that can be visited along the path?"
756,4,Analyze the benefits and challenges of using project management tools (JIRA vs. Trello) in team collaboration.
719,4,Analyze the impact of static typing versus dynamic typing on code maintainability and performance.
221,1,What are the applications for priority queue?
342,2,Consider you're analyzing customer sentiment from social media data. Describe the natural language processing (NLP) techniques and sentiment analysis algorithms you would use to extract insights and visualize trends from text data.
903,5,What happens when recursion goes too deep and exceeds the stack's capacity?
989,6,"Create a comprehensive cybersecurity framework for securing Internet of Things (IoT) devices in smart homes, considering both device-level and network-level security measures."
867,5,Can you explain the main features and use cases of each library and how they contribute to the Python ecosystem for data analytics?
827,5,Criticize the effectiveness of a disaster recovery plan for IT systems in ensuring business continuity during a cyberattack.
991,6,Develop a novel blockchain-based solution for ensuring the integrity and transparency of supply chain transactions across multiple organizations.
602,4,Propose and evaluate innovative solutions for improving the efficiency of spectrum utilization in wireless networks.
1164,6,Design a method for implementing data anonymization techniques to protect user privacy in data-driven applications.
45,1,What is the significance of the binary search property in a binary search tree?
1093,6,"You are spearheading the development of a personalized recommendation engine for an online streaming platform. Create a prototype of the recommendation engine using machine learning algorithms to analyze user preferences and behavior, generate personalized content recommendations, and enhance user engagement and satisfaction."
198,1,What is typecasting in Python?
888,5,How to design a recursive algorithm to find the longest palindromic subsequence within a string?
212,1,What are the differences between a set and a list in Python?
16,1,How does binary search tree ensure efficient searching?
585,4,Propose and justify strategies for securing Internet of Things (IoT) devices against cyberattacks in smart home environments.
48,1,Why is it important to maintain balance in a BST?
1151,6,Invent a technique for using data mining to discover patterns in large datasets for fraud detection in financial transactions.
1009,6,Create a novel methodology for anomaly detection in time series data using a combination of statistical analysis and deep learning techniques.
600,4,Solve a complex optimization problem related to antenna array design and evaluate the performance of different beamforming algorithms.
828,5,Judge the scalability of a cloud storage solution for handling increasing volumes of data and user access requests.
546,3,Critically analyze the challenges and benefits of implementing blockchain technology in the healthcare industry for managing electronic health records.
324,2,"Explain the concept of bias in machine learning algorithms, discussing its sources and implications for model fairness and inclusivity."
981,6,"Develop a new programming language specifically tailored for distributed computing, incorporating features to handle fault tolerance and scalability."
795,5,"How can they handle issues related to echo chambers, filter bubbles, and other forms of digital polarization that can affect the representativeness of the data?"
266,2,Can you explain the steps you took to ensure the accuracy and reliability of your data?
26,1,"What are ""self-balancing binary search trees""?"
1047,6,Design a scalable and fault-tolerant content delivery network (CDN) for efficiently distributing multimedia content to users worldwide.
497,3,"Can you discuss the concept of ""tree rotations"" in AVL trees?"
1128,6,Invent a method for optimizing video streaming quality in real-time based on network conditions and user preferences.
417,3,"In blockchain technology, how are hashes used to maintain the integrity of the blockchain and ensure the immutability of transaction records?"
270,2,will data solve the pi problem?
37,1,"What is a Binary Search Tree (BST) in Python, and how does it work?"
782,5,"How can search, insertion and deletion in a binary search tree be improved?"
1145,6,Devise a system for automating vulnerability scanning and threat detection in web applications to enhance cybersecurity.
427,3,what are the hash-based techniques to detect duplicated files efficiently?
535,3,Evaluate the effectiveness of using machine learning algorithms for anomaly detection in cybersecurity.
1147,6,Plan a methodology for conducting usability testing of a software application to enhance user experience and satisfaction.
1020,6,Invent a new protocol for secure and efficient communication between Internet of Things (IoT) devices in a smart home environment.
985,6,"Devise a new method for improving the interpretability of deep learning models, allowing users to understand and trust model predictions more effectively."
869,5,How does the implementation of a stack or a queue differ between using a singly linked list and a doubly linked list?
235,1,What is the concept of a double-ended stack and how it differs from a regular stack?
1024,6,Devise a system for automatically generating personalized recommendations for online shoppers based on their browsing and purchasing history.
1106,6,Create an architecture for a microservices-based application that enhances scalability and fault tolerance in a cloud environment.
570,4,Can you describe the challenges and strategies involved in solving the N-Queens problem using recursive backtracking?
1149,6,Create a system for real-time monitoring of server performance metrics to ensure optimal operation of cloud services.
1071,6,"Autonomous Drone Delivery System: You are developing an autonomous drone delivery system for delivering medical supplies to remote areas. Create a system architecture for the drone delivery network, including drone fleet management, route optimization algorithms, geofencing for no-fly zones, and integration with ground-based delivery hubs for package handling and distribution."
692,4,Compare the performance of client-side rendering versus server-side rendering in web applications.
1148,6,"Design a machine learning pipeline for image recognition applications, including data preprocessing, model training, and evaluation."
793,5,How can data visualization and interactive tools enhance the communication and dissemination of research findings to both scientific and non-scientific audiences?
203,1,"What is Python, and what are its key features and characteristics?"
844,5,Assess the reliability of a password manager application in securely storing and managing user credentials.
193,1,What is the purpose and usage of the 'pass' statement in Python?
1029,6,Plan a scalable and fault-tolerant distributed file system for storing and retrieving petabytes of scientific data generated by research institutions.
878,5,"How do you approach debugging recursive code, especially when dealing with complex call stacks and unexpected behavior due to incorrect base cases or recursive calls?"
899,5,How can a stack be used to convert an infix expression to a postfix expression?
111,1,How to install Python on Windows and set path variable?
267,2,Explain the concept of data lineage and its significance in understanding the origins and transformations of data within a complex data ecosystem?
830,5,Debate the ethical implications of data mining techniques in online advertising for user privacy and autonomy.
103,1,What is the concept of dictionary comprehension in Python?
474,3,How to implement a recursive algorithm to solve the N-Queens problem: placing N queens on an N chessboard such that no two queens threaten each other?
472,3,How do you illustrate the Global Interpreter Lock (GIL) in Python and its impact on multi-threading?
894,5,"How do ""circular singly linked lists"" differ from standard singly linked lists, and provide examples of situations where they are useful?"
699,4,"Evaluate the effectiveness of various authentication methods (OAuth, JWT, API keys) in securing IoT devices."
944,5,How would you implement a doubly linked list with constant time insertions and deletions at both ends?
785,5,What is the time complexity of constructing a binary search tree from a sorted list of elements?
119,1,How does locality-sensitive hashing enable efficient similarity search in high-dimensional spaces?
53,1,"What are ""complete binary trees,"" and how do they differ from regular binary search trees?"
192,1,What is the difference between the '==' operator and the 'is' keyword?
456,3,How to find two odd occurring elements in an array without using any extra space?
1122,6,Devise a system for analyzing user behavior on a website to provide personalized content recommendations based on engagement metrics.
248,1,How does the hardware stack in a microcontroller differ from a software-defined stack?
771,5,Are there any real-world examples or projects that heavily rely on binary search trees for solving complex problems?
1013,6,Propose a novel algorithm for optimizing database indexing in distributed systems to minimize query response time.
906,5,What are the trade-offs between using an array-based stack and a linked list-based stack?
8,1,Find Top View of Binary Tree?
1044,6,Hypothesize an approach for ensuring data privacy and confidentiality in distributed ledger systems while maintaining transparency and auditability.
36,1,What is a binary search tree (BST) and how does it differ from other types of binary trees?
513,3,Propose and justify strategies for optimizing network performance in a cloud computing environment and evaluate their impact on scalability and reliability.
764,4,Compare the benefits of using data encryption versus data masking in cloud data security.
294,2,Can you illustrate the concept of rainbow tables in relation to hash cracking?
344,2,Suppose you're performing anomaly detection in network traffic data. Describe the unsupervised learning algorithms and feature engineering techniques you would apply to detect unusual patterns and potential security threats.
1109,6,Invent a method for securely sharing data among multiple parties using blockchain technology to enhance data privacy.
684,4,"Compare the features and limitations of different version control systems (e.g., Git, SVN) in collaborative development."
736,4,Evaluate the responsibilities of software developers in ensuring accessibility versus functionality in applications.
853,5,Debate the ethical implications of using predictive analytics in employment recruitment for candidate screening and selection.
863,5,Judge the scalability of a cloud-based identity and access management (IAM) solution for managing user identities and permissions.
303,2,Can we use recursion in Hashing?
723,4,Compare the performance of different sorting algorithms (quick sort vs. merge sort) in various scenarios.
338,2,"Consider you're designing a cellular network for urban deployment. Explain how you would plan cell site locations, configure base station antennas, and optimize radio frequency (RF) coverage to provide seamless mobile connectivity."
467,3,How to solve the traveling salesman problem using a brute-force algorithm?
150,1,"What are references in Python, and how do they work?"
1120,6,Create a cloud-based platform for collaborative software development that incorporates version control and project management features.
753,4,Compare the trade-offs between using smoke testing versus regression testing in the software development lifecycle.
1059,6,"Invent a method for improving the accuracy and reliability of indoor positioning systems using a combination of Wi-Fi, Bluetooth, and inertial sensors."
641,4,"While making an entire trace table, isn't it more time-consuming rather than going through the code and debugging it in your head?"
1080,6,"Recommendation System for Personalized Content: You are designing a recommendation system for personalized content delivery in online streaming platforms. Create a recommendation algorithm that leverages collaborative filtering, content-based filtering, and reinforcement learning techniques to analyze user preferences, predict user preferences, and recommend relevant movies, TV shows, and music based on individual viewing habits and feedback."
555,3,Explain what are infix prefix and postfix expressions?
823,5,Criticize the accuracy of a predictive analytics model for forecasting stock prices and recommend adjustments based on historical data.
147,1,What is a nested list?
146,1,What are lists and tuples?
864,5,Assess the security challenges of integrating Internet of Things (IoT) devices into telecommunications networks and propose solutions.
1108,6,Design a recommendation system for an e-commerce platform that utilizes collaborative filtering and content-based filtering techniques.
1157,6,Formulate a plan for leveraging cloud computing resources to enhance scalability and cost-effectiveness in software development.
772,5,How do self-balancing trees adapt to insertions and deletions?
401,3,"How does the performance of a binary search tree change with different types of data distributions, such as random data, sorted data, or reverse-sorted data?"
529,3,Solve a challenging optimization problem involving hyperparameter tuning in deep learning models and evaluate the impact on model performance.
378,3,Solve a cybersecurity challenge involving network intrusion detection and critically evaluate the effectiveness of different intrusion detection systems.
227,1,How do you push an element onto a stack?
123,1,What is a Hash Collision?
1023,6,Formulate an algorithm for automatically generating optimized code from high-level specifications written in a domain-specific language (DSL).
721,4,Compare the features and limitations of different programming paradigms (imperative vs. declarative).
143,1,How can I access the Nth element in a list? 
1138,6,Design a system for automating network configuration management to ensure consistency and compliance in enterprise networks.
238,1,What is the LIFO (Last-In-First-Out) principle in the context of stacks?
722,4,"Analyze the effectiveness of various software design patterns (MVC, Singleton, Factory) in application architecture."
320,2,"Explain the concept of deep reinforcement learning, discussing its applications in game playing, robotics, and autonomous systems."
334,2,"Consider you're designing a satellite communication system for remote sensing applications. Explain how you would calculate link budget parameters, including path loss, antenna gain, and noise figure, to ensure reliable data transmission."
453,3,How do you use loops in Python?
122,1,What are the important aspects of Hashing?
224,1,What is a priority queue?
243,1,How does a priority stack differ from a regular stack and what advantages does it offer?
498,3,"How do binary search trees contribute to optimizing certain algorithms, such as the Quickselect algorithm for finding kth smallest elements?"
287,2,Is there a path between two nodes in this undirected graph?
468,3,What are Literals in Python and explain about different Literals?
940,5,How can you implement a circular doubly linked list with an efficient insertion and deletion mechanism?
962,5,"What are the performance considerations when using doubly linked lists, especially in situations where frequent insertions and deletions are required?"
1076,6,"Cloud-Native Application Architecture for SaaS: You are tasked with developing a cloud-native application architecture for a software-as-a-service (SaaS) platform. Create a microservices-based architecture that enables scalability, agility, and resilience, incorporating containerization, orchestration, and continuous integration/continuous deployment (CI/CD) pipelines for rapid development and deployment of cloud-native applications."
912,5,How can a stack help in solving problems related to finding nearest smaller elements?
1057,6,Hypothesize an approach for enhancing the security and privacy of communication in vehicular ad hoc networks (VANETs) using blockchain technology.
129,1,What is the difference between a hashable and an unhashable object in Python?
750,4,Compare the advantages of manual testing versus automated testing in software development.
455,3,How to find common elements present in all rows of a matrix?
948,5,What are the trade-offs between using a singly linked list and a doubly linked list in terms of memory consumption and ease of implementation?
927,5,"How can search, insertion, and deletion in a binary search tree be improved?"
849,5,"Debate the ethical considerations of using biometric authentication methods (e.g., fingerprint, facial recognition) in law enforcement."
1083,6,"Deep Learning Model for Image Recognition in Autonomous Vehicles: You are designing a deep learning model for image recognition in autonomous vehicles to identify traffic signs, pedestrians, and other objects in real-time. Create a convolutional neural network (CNN) architecture that achieves high accuracy, low latency, and robust performance under various environmental conditions, incorporating techniques such as transfer learning, data augmentation, and model compression for efficient deployment in resource-constrained embedded systems."
260,2,Can data help to change the future?
754,4,Analyze the role of test-driven development (TDD) versus behavior-driven development (BDD) in enhancing code quality.
1085,6,Invent a method for automatically generating explanations for machine learning predictions to enhance trust and interpretability.
1133,6,Design a user authentication mechanism that incorporates biometric data to enhance security in mobile applications.
974,6,How many recursion we can use?
1090,6,"You are tasked with designing a novel algorithm for optimizing resource allocation in cloud computing environments to minimize energy consumption while maximizing performance. Develop a detailed plan outlining the algorithm's design principles, implementation steps, and evaluation criteria for assessing its efficiency and scalability."
737,4,Compare the ethical considerations of data mining versus user consent in data-driven applications.
1007,6,Formulate a new algorithm for detecting and mitigating bias in machine learning models to ensure fairness and equity in algorithmic decision-making.
904,5,How can a stack be implemented using a singly linked list?
439,3,Can you explain list comprehension with an example?
1152,6,Design a scalable architecture for an online marketplace that supports high traffic and user interactions without downtime.
583,4,Solve a complex optimization problem related to data compression techniques and evaluate the trade-offs between compression ratio and computational complexity.
308,2,"Can you explain the concept of a ""stack-based algorithm""?"
987,6,Invent a novel mechanism for preventing distributed denial-of-service (DDoS) attacks on cloud-based services without compromising legitimate user access.
501,3,How do binary search trees compare to hash tables in terms of memory usage and collision resolution strategies?
563,3,Explain what is polymorphism in c?
112,1,How to remove whitespaces from a string in Python?
804,5,"When building a large-scale multilingual dataset for NLP tasks, how can you ensure data quality and maintain consistency across different languages?"
273,2,Can you explain the difference between Python 2 and Python 3?
1039,6,Invent a framework for automating the deployment and management of containerized microservices in a cloud-native environment.
720,4,"Evaluate the performance implications of compiled languages (C/C++) versus interpreted languages (Python, JavaScript)."
784,5,What are the different cases to consider when deleting a node in a binary search tree?
426,3,What is a minhash and how can it be used to estimate the similarity between sets?
1161,6,Propose a method for using computer vision techniques to automate quality control processes in manufacturing.
1127,6,Design a solution for automating the deployment of containerized applications using Kubernetes and Docker orchestration techniques.
274,2,Does python make use of access specifiers?
1070,6,"Remote Healthcare Monitoring Mobile Application: You are tasked with designing a user-friendly mobile application for remote healthcare monitoring. Create wireframes and prototypes for the mobile app, incorporating features such as real-time health data monitoring, medication reminders, virtual consultations with healthcare providers, and emergency alert systems for timely intervention."
789,5,"How does the concept of a Cartesian Tree relate to Binary Search Trees, and how can it be used to efficiently solve certain problems?"
365,2,Distinguish loop and recursion?
761,4,Compare the effectiveness of using Identity and Access Management (IAM) solutions versus traditional authentication methods in cloud security.
463,3,What is use of the 'async' and 'await' keywords in Python?
1089,6,Devise a system for autonomously inspecting and repairing underwater pipelines using robotic platforms equipped with sensors and manipulators.
822,5,"Assess the scalability of a distributed messaging system (e.g., Apache Kafka) for real-time data streaming applications."
411,3,How do you find the shortest path between two nodes in a graph?
299,2,"Can you explain the concept of ""truthiness"" and ""falsiness"" in Python?"
858,5,Criticize the fairness and transparency of algorithmic decision-making systems used in online content recommendation.
740,4,Analyze the impact of usability testing versus A/B testing on improving user experience.
745,4,Analyze the trade-offs between using rule-based versus machine learning-based approaches in robotic control systems.
323,2,Compare the different types of neural network activation functions in terms of their properties and suitability for deep learning.
429,3,How does Hashing in Data Structure Works?
437,3,"What are some common methods I can use on lists, and what do they do?"
265,2,can you explain the concept of data normalization?
1132,6,"Create a comprehensive testing strategy for ensuring software quality through unit testing, integration testing, and user acceptance testing."
982,6,"Propose a new framework for real-time anomaly detection in network traffic using machine learning techniques, considering both accuracy and computational efficiency."
538,3,Evaluate the feasibility of using blockchain technology for secure and transparent data sharing in healthcare.
400,3,What are some real-world challenges or limitations of implementing and using binary search trees?
574,4,Evaluate the effectiveness of using biometric authentication systems for access control in secure facilities and analyze potential vulnerabilities.
752,4,Evaluate the impact of continuous testing versus traditional testing on software release cycles.
1166,6,Create a comprehensive documentation strategy for software development projects to ensure clarity and knowledge transfer.
911,5,How can a stack be utilized in solving problems related to tree traversal?
1105,6,Devise a system for monitoring and mitigating cyber threats using advanced threat detection algorithms and machine learning.
1075,6,"Cybersecurity Framework for IoT Devices: You are tasked with designing a cybersecurity framework for securing Internet of Things (IoT) devices in a smart city infrastructure. Create a comprehensive cybersecurity framework that addresses the unique challenges of IoT security, including device authentication, data encryption, firmware updates, and anomaly detection for IoT networks and applications."
732,4,Analyze the impact of 5G technology on IoT applications compared to previous generations of mobile networks.
1025,6,Hypothesize an approach for mitigating bias and ensuring fairness in machine learning models trained on sensitive demographic data.
968,5,How could you implement a doubly linked list that can be traversed in both directions but uses only a single pointer per node?
758,4,Compare the advantages of using Scrum versus Kanban frameworks in managing software projects.
1016,6,Formulate a framework for automatically detecting and mitigating software vulnerabilities in real-time across diverse programming languages.
669,4,Analyze the effectiveness of using HTTP/2 compared to HTTP/1.1 for improving web application performance.
1137,6,Propose a method for enhancing data visualization techniques in business analytics tools to facilitate better insights.
690,4,"Compare the strengths and weaknesses of different loss functions (e.g., mean squared error vs. cross-entropy) in training neural networks."
909,5,"What happens when a stack overflow error occurs, and how can it be prevented?"
85,1,How to find two non-overlapping pairs having same sum in an array?
283,2,Are there efficient algorithms for solving it?
811,5,Critique the usability of a mobile application interface and propose improvements based on user feedback and ergonomic principles.
200,1,What is ternary conditional expression in Python?
609,4,Evaluate the effectiveness of using machine learning algorithms for spectrum sensing in cognitive radio networks.
35,1,"What is a ""binary search tree property""?"
631,4,Describe histogram vs. bar graph.
211,1,What are slicing and indexing in Python lists and strings?
767,4,Analyze the effectiveness of different shading techniques (flat shading vs. smooth shading) in computer graphics.
1060,6,Propose a framework for integrating quantum key distribution (QKD) technology into optical fiber networks for ultra-secure communication.
1027,6,Invent a blockchain-based solution for transparent and tamper-proof certification of academic credentials and professional qualifications.
1017,6,Devise a machine learning model for predicting stock market trends that incorporates sentiment analysis of news articles and social media posts.
1121,6,Formulate a strategy for building a resilient disaster recovery plan for critical IT infrastructure to ensure business continuity.
847,5,Judge the scalability of a distributed database system for handling concurrent read and write operations in a cloud environment.
95,1,What does args and kwargs mean?
676,4,Analyze the performance implications of using in-memory data grids like Hazelcast versus traditional database caching.
281,2,Herder node is used as sentinel in graphs or stacks?
856,5,Assess the efficiency of a blockchain-based smart contract platform for automating business processes and transactions.
687,4,Compare the effectiveness of decision trees versus support vector machines in classification tasks.
803,5,"What techniques or tools are available to handle large datasets in a graph, especially when dealing with millions or billions of data points over an extended period?"
526,3,Analyze the ethical implications of using facial recognition technology for surveillance in public spaces.
666,4,Analyze the impact of eventual consistency versus strong consistency models in distributed databases like Cassandra and MongoDB.
994,6,Devise a new system for automatically classifying and prioritizing cybersecurity incidents based on their severity and potential impact on business operations.
1048,6,Plan a strategy for implementing continuous integration and continuous deployment (CI/CD) pipelines for accelerating software delivery in agile development environments.
247,1,How does tail recursion optimization contribute to efficient stack usage in functional languages?
445,3,How to find subarrays with given sum in an array?
908,5,How does the collections.deque class in Python facilitate stack operations?
450,3,How to convert an integer to a string?
880,5,How does recursion impact memory usage in comparison to iterative solutions?
1018,6,Hypothesize a method for improving the efficiency of garbage collection in programming languages by dynamically adjusting collection thresholds.
258,2,Can data change the world?
4,1,Can a binary search tree be empty?
882,5,Is recursion the only way to create a binary search tree?
755,4,Compare the effectiveness of traditional project management versus Agile methodologies in software development.
1067,6,Propose a framework for integrating terahertz communication technology into existing wireless networks for high-speed data transmission in indoor environments.
725,4,Evaluate the effectiveness of dynamic programming versus greedy algorithms in solving optimization problems.
852,5,Assess the scalability of a serverless computing platform for deploying and running event-driven applications.
637,4,"Provide an example of using the concurrent.futures module to perform parallel processing in Python, such as processing multiple tasks concurrently using ThreadPoolExecutor or ProcessPoolExecutor."
838,5,Critique the accuracy of a sentiment analysis model for analyzing social media data and predicting public opinion trends.
1087,6,Devise a method for automatically detecting and correcting errors in medical imaging datasets to improve the accuracy of diagnostic models.
796,5,"How can you visualize natural language processing results, such as sentiment analysis, topic modeling, and named entity recognition, to provide meaningful insights from unstructured text?"
98,1,What is a conditional statement in Python?
938,5,"How can doubly linked lists be used to implement a ""history"" functionality in a web browser?"
840,5,Assess the efficiency of a bug bounty program in incentivizing security researchers to discover and report software vulnerabilities.
686,4,Machine Learning and Artificial Intelligence
459,3,"What is the ""self"" keyword in Python, and how is it used in methods within a class?"
569,4,Can you explain the process of solving the coin change problem using a recursive algorithm?
47,1,Why is balance important for efficient operations?
32,1,What are tree traversals?
893,5,How to link nodes present in each level of a binary tree in the form of a linked list?
976,6,How to find minimum using recursion?
241,1,What is the role of the stack pointer register in CPU architectures?
134,1,"How does the concept of hashing address the need for efficient data retrieval, and what are the key advantages it offers over traditional linear or binary search techniques?"
27,1,What are the applications for binary trees?
1050,6,Devise a system for automatically detecting and mitigating insider threats in organizational networks using behavior analysis and anomaly detection techniques.
271,2,Are access specifiers used in pythonn?
556,3,Explain what are the characteristics of class members in c?
886,5,How can you use recursion to solve the problem of finding all valid IP addresses that can be formed from a given string of digits?
431,3,how hash functions contribute to data consistency in distributed systems?
329,2,"Discuss the principles of unsupervised learning techniques, explaining their use for discovering hidden patterns in data."
471,3,"How can you determine the length of a list or string in Python, and what is the time complexity of this operation?"
787,5,How can binary search trees be used to solve problems related to finding the closest or next greater/smaller element?
444,3,How to find subarray having given sum in given array of integers?
705,4,"Compare the features and limitations of different cloud service providers (AWS, Azure, Google Cloud) for hosting applications."
565,4,Is Dijkstra's algorithm a Greedy or Dynamic Programming algorithm?
138,1,What is actually Hashing?
62,1,What are some potential strategies for balancing a binary search tree after a series of insertions and deletions?
537,3,Critically analyze the challenges and opportunities of implementing natural language processing techniques for sentiment analysis.
760,4,Cloud Security
128,1,what is the comparison between the hashlib and the hmac libraries in Python?
1156,6,Design a comprehensive data backup and recovery solution for protecting critical business information against data loss.
605,4,Critically evaluate the advantages and disadvantages of using software-defined radio (SDR) for flexible wireless communication systems.
975,6,How recursion can be used to implement depth-first search (DFS) on a graph?
1142,6,Design a framework for developing ethical AI algorithms that minimize bias and ensure fairness in automated decision-making.
64,1,"What would it be called, if the tree's root has one child and that child has one child, then so on?"
946,5,How could you implement a doubly linked list that maintains a sliding window of a fixed size efficiently?
14,1,How does a binary search tree differ from other types of binary trees?
197,1,What is the syntax of recursion?
40,1,What is bst?
559,3,Explain what is a reference variable in c?
432,3,how Python's hash() function is affected by the platform's word size?
228,1,How does a circular stack differ from a regular stack?
877,5,What are the latest features and updates in Python programming language?
257,2,Can a particular data provide the overview of an analysis?
905,5,What are the benefits of using a linked list for implementing a stack?
52,1,"How does the concept of ""self-adjusting"" binary search trees, like a splay tree, impact the efficiency of various operations?"
1015,6,"Invent a data structure optimized for storing and retrieving hierarchical data in a web application, considering both memory and time complexity."
390,3,What benefits does the height-balanced property of a binary search tree provide?
862,5,Critique the usability of a password manager application and propose enhancements based on user experience research.
832,5,Assess the feasibility of implementing blockchain technology for ensuring the integrity and transparency of supply chain management.
837,5,Debate the ethical implications of using artificial intelligence algorithms for automated decision-making in healthcare diagnostics.
336,2,"Imagine you're configuring a digital subscriber line (DSL) network for broadband internet service. Explain how you would perform line qualification, provision DSLAMs, and optimize DSL profiles to maximize data rates and minimize latency."
814,5,Judge the performance of a reinforcement learning algorithm for optimizing resource allocation in cloud computing environments.
292,2,Is hash used in Machine learning?
839,5,Judge the reliability of a penetration testing framework in identifying and exploiting security vulnerabilities in web applications.
527,3,Propose and evaluate innovative solutions for improving the accuracy of predictive models in healthcare.
521,3,Evaluate the ethical implications of using facial recognition technology for law enforcement and surveillance purposes.
311,2,"Discuss the principles of model interpretability techniques, explaining their use for explaining black-box model predictions."
949,5,"What are the trade-offs between using an explicit ""previous"" pointer and a ""reverse"" pointer when reversing a doubly linked list?"
999,6,Develop a new algorithm for optimizing spectrum allocation in cognitive radio networks to maximize spectrum utilization while minimizing interference.
310,2,"Explain the concept of overfitting in machine learning, discussing its causes and techniques for preventing it, such as early stopping and dropout regularization."
242,1,What is the time complexity of the push operation in a stack?
202,1,How do you take user input in Python?
668,4,Compare the performance implications of using load balancers versus reverse proxies in web server architectures.
842,5,Criticize the fairness and transparency of algorithmic decision-making systems used in online lending and credit scoring.
454,3,"How do you work with dates and times in Python using the ""datetime"" module?"
815,5,Debate the ethical implications of using facial recognition technology for surveillance purposes in public spaces.
542,3,Compare and contrast different methods for evaluating the fairness and interpretability of machine learning models.
955,5,Can you explain how to implement a circular doubly linked list with a sentinel node?
885,5,How to develop a recursive algorithm to find the nth Fibonacci number efficiently?
105,1,What is the difference between a 'break' statement and a 'continue' statement?
678,4,"Compare the features and limitations of different backup strategies (full, incremental, differential) in database management."
442,3,How to find maximum length sub-array having given sum?
1,1,Are there any variations or balancing techniques for binary search trees to ensure better performance?
1114,6,Design a user-friendly interface for a mobile application that enhances accessibility for individuals with disabilities.
1162,6,Formulate a strategy for conducting security audits in software applications to identify and remediate vulnerabilities.
674,4,"Analyze the effectiveness of various endpoint security solutions (e.g., EDR vs. antivirus) in protecting against malware."
1068,6,Design a satellite constellation system for providing global broadband coverage and low-latency communication services to remote areas and maritime vessels.
80,1,How to find largest sub-array formed by consecutive integers?
246,1,What are the impacts of stack-based allocation on the effectiveness of garbage collection algorithms?
34,1,"What is a ""balanced search tree"" and how does it differ from a binary search tree?"
1079,6,"Sentiment Analysis of Customer Reviews: You are developing a natural language processing (NLP) model for sentiment analysis of customer reviews in e-commerce platforms. Create a sentiment analysis pipeline that preprocesses text data, extracts features, and trains a machine learning classifier to classify reviews into positive, negative, or neutral sentiments, incorporating techniques such as word embeddings, attention mechanisms, and model ensemble for accurate sentiment prediction."
889,5,"What is the concept of memoization in recursion, and how can it improve the efficiency of certain recursive algorithms?"
582,4,Propose strategies for optimizing the performance of web servers handling millions of concurrent requests and evaluate their impact on user experience.
487,3,What is binary tree data structure?
516,3,Evaluate the feasibility of using artificial intelligence algorithms for automating routine tasks in IT service management and analyze potential benefits and drawbacks.
1150,6,Propose a method for implementing a continuous integration/continuous delivery (CI/CD) pipeline for efficient software deployment.
419,3,What are some common use cases for hashing in Python?
91,1,What are the differences between dynamic typing and static typing in Python?
392,3,Are there any real-world applications where binary search trees are commonly used?
1034,6,Design a cybersecurity framework for securing interconnected smart cities against cyber threats and unauthorized access.
677,4,Evaluate the trade-offs between using sharding versus partitioning for scaling large databases.
398,3,How does the use of Binary Search Trees differ in scenarios where you're dealing with a dynamic set of data versus a static set?
890,5,"How can you use recursion to efficiently solve the subset sum problem, determining if a subset of a given set of integers adds up to a specific target sum?"
282,2,Print all Hamiltonian paths present in a graph?
13,1,How do you binary search a tree?
363,2,"Algorithm and Data Structure is like console and a Game, isn't it?"
713,4,Compare the advantages and limitations of TCP versus UDP for network communications.
440,3,"How does Python handle indentation, and why is it important?"
314,2,"Discuss the principles of adversarial machine learning, explaining techniques for generating adversarial examples and defending against them."
207,1,"What are the differences  between single quotes (') and double quotes ("") when defining strings?"
977,6,How to get the sum of even numbers from 1 to nth number using recursion?
20,1,How does the insertion of a new element take place in a binary search tree while maintaining the binary search property?
759,4,Analyze the role of risk management versus change management in IT project success.
952,5,What are the steps to merge two sorted doubly linked lists without using any extra space?
551,3,"Explain the concept of dimensional modeling in data warehousing. What are the characteristics of a star schema and a snowflake schema, and when would you choose one over the other?"
1160,6,Design a user-friendly dashboard for visualizing key performance indicators (KPIs) in business intelligence applications.
573,4,Solve a hypothetical scenario involving a data breach in a financial institution and propose a comprehensive incident response plan.
965,5,How do you swap two elements in a doubly linked list without modifying their positions in the list?
284,2,Can graph be called as map?
679,4,Analyze the effectiveness of data normalization versus denormalization in database design.
1012,6,Imagine a new programming language tailored specifically for artificial intelligence applications. Describe its key features and syntax.
675,4,Compare the advantages of SQL databases versus NoSQL databases for handling unstructured data.
1131,6,Devise a system for real-time sentiment analysis of social media posts using natural language processing and machine learning algorithms.
799,5,What are the ethical considerations and potential biases associated with using automated decision-making algorithms that rely on large-scale data analysis?
1094,6,"You have been assigned to design a blockchain-based voting system for ensuring transparent and tamper-proof elections. Create a conceptual design for the voting system, including the structure of the blockchain network, consensus mechanism, smart contracts for voter registration and ballot casting, and mechanisms for verifying and tallying votes securely."
230,1,How the pop operation works on a stack?
896,5,What are the advantages and disadvantages of using a singly linked list over an array?
1116,6,Devise a framework for implementing ethical guidelines in AI development to ensure fairness and accountability in algorithms.
812,5,Judge the scalability of a cloud computing infrastructure for handling variable workloads and peak demand scenarios.
541,3,Critically evaluate the role of artificial intelligence in autonomous vehicles and its potential impact on road safety and ethics.
794,5,How can the integrity of enormous datasets from many sources and formats be ensured?
584,4,Evaluate the effectiveness of using machine learning algorithms for detecting and preventing cyberattacks in real-time.
58,1,"What if we could climb up like actual tree from leaf nodes to root, not root to Leaf nodes?"
540,3,Solve a hypothetical scenario involving distributed denial of service (DDoS) attacks on a network infrastructure and propose effective countermeasures.
673,4,Compare the role of firewalls versus intrusion detection systems (IDS) in securing network perimeters.
993,6,Formulate a new strategy for implementing zero-trust security architecture in large-scale corporate networks to mitigate insider threats and unauthorized access.
861,5,Debate the ethical implications of using artificial intelligence algorithms for autonomous weapons systems in military operations.
293,2,Is Bug related with Hashing?
21,1,How does tree rotations help in maintaining balance?
354,2,"Explain the concept of pointers in C/C++ programming, discussing their role in memory manipulation and potential risks such as memory leaks."
525,3,Compare and contrast different clustering algorithms and analyze their effectiveness in grouping similar data points.
201,1,How do you do data abstraction in Python?
317,2,"Explain the concept of data preprocessing in machine learning, discussing techniques such as normalization, feature scaling, and missing value imputation."
1092,6,"As a cybersecurity expert, you are responsible for designing a secure authentication mechanism for a multi-factor authentication (MFA) system to prevent unauthorized access to sensitive systems and data. Create a detailed architecture diagram illustrating the components of the MFA system, such as biometric authentication, token-based authentication, and risk-based authentication."
232,1,"What are the time complexities of the basic stack operations: push, pop, and peek?"
438,3,What does the * operator do when used with a list?
939,5,How can you address synchronization issues when using doubly linked lists in a multi-threaded environment?
466,3,How to solve the problem of Tower of hanoi using recursion?
558,3,Explain what is a class in c?
396,3,How do binary search trees handle cases where an element is not present in the tree during a search operation?
883,5,"What is recursion, and how does it differ from iteration in programming?"
349,2,"Discuss the principles of distributed computing, explaining concepts such as CAP theorem and eventual consistency."
774,5,"What is the worst-case time complexity of searching, inserting, and deleting in a binary search tree?"
130,1,What is the Double Hashing?
776,5,"Given the root of a binary tree, determine if it is a valid binary search tree (BST)?"
1008,6,Devise a new technique for unsupervised domain adaptation in machine learning models to improve model generalization across different target domains.
99,1,What is a module in Python?
425,3,How does the HyperLogLog algorithm use hashing to estimate the number of distinct elements in a data stream?
87,1,What are classes and objects in Python?
383,3,Analyze the potential risks and benefits of using autonomous drones for surveillance and reconnaissance missions.
532,3,Propose and justify strategies for optimizing the performance of recommendation systems in e-commerce platforms.
121,1,What are the benefits of reducing collisions in Hash?
997,6,Design a new framework for ensuring data sovereignty and compliance with regulatory requirements in cross-border data transfer scenarios.
