0,BTL ,QUESTION
378,3,Solve a cybersecurity challenge involving network intrusion detection and critically evaluate the effectiveness of different intrusion detection systems., Cyber Security
445,3,How to find subarrays with given sum in an array?, Arrays
435,3,How do I concatenate two lists?, Arrays
500,3,Could you compare and contrast the time complexity of binary search in a sorted array with that in a binary search tree?, Arrays
506,3,How can binary search tree iterator be useful for efficiently iterating through elements in sorted order?, Tree
422,3,What is a rolling hash and how is it used in data compression and string algorithms?, Theory
554,3,Explain what are access specifiers in c class what are the types?, Theory
521,3,Evaluate the ethical implications of using facial recognition technology for law enforcement and surveillance purposes, Cyber Security
556,3,Explain what are the characteristics of class members in c?, Theory
452,3,How do you handle exceptions and errors in Python using try-except blocks?, Theory
467,3,How to solve the traveling salesman problem using a brute-force algorithm?, Theory
413,3,"In a weighted graph, how would you modify Dijkstra's algorithm to work with negative edge weights or to find the shortest path in a graph with a negative cycle?"
546,3,Critically analyze the challenges and benefits of implementing blockchain technology in the healthcare industry for managing electronic health records.
402,3,What's the relationship between tree height and the efficiency of operations?
533,3,Analyze the impact of algorithmic bias on the fairness and inclusivity of machine learning models in hiring practices.
543,3,Analyze the ethical dilemmas associated with the development and deployment of autonomous drones for surveillance and reconnaissance missions.
530,3,Analyze the trade-offs between using rule-based systems and machine learning approaches for decision-making in expert systems.
382,3,Propose innovative solutions for securing wireless networks against advanced persistent threats and evaluate their effectiveness.
555,3,Explain what are infix prefix and postfix expressions?
469,3,What are the differences between append() and extend() methods in Python lists?
431,3,how hash functions contribute to data consistency in distributed systems?
385,3,Find a pair with given sum in a BST?
444,3,How to find subarray having given sum in given array of integers?
495,3,How does the choice of a root node impact the balance and overall structure of a binary search tree?
526,3,Analyze the ethical implications of using facial recognition technology for surveillance in public spaces.
383,3,Analyze the potential risks and benefits of using autonomous drones for surveillance and reconnaissance missions.
408,3,"How does the structure of a binary search tree affect the time complexity of various operations, such as insertion, deletion, and searching?"
458,3,What are Python's data types and how are they used?
496,3,How does the choice of the root node impact the overall structure and balance of a binary search tree?
398,3,How does the use of Binary Search Trees differ in scenarios where you're dealing with a dynamic set of data versus a static set?
446,3,"What is the concept of ""duck typing"" in Python with an example?"
410,3,"Explain the ""minimum spanning tree"" (MST) problem and how algorithms like Kruskal's and Prim's algorithms address the challenge of finding the tree with the least total edge weight?"
551,3,"Explain the concept of dimensional modeling in data warehousing. What are the characteristics of a star schema and a snowflake schema, and when would you choose one over the other?"
497,3,"Can you discuss the concept of ""tree rotations"" in AVL trees?"
535,3,Evaluate the effectiveness of using machine learning algorithms for anomaly detection in cybersecurity.
396,3,How do binary search trees handle cases where an element is not present in the tree during a search operation?
438,3,What does the * operator do when used with a list?
457,3,How to find XOR of two number without using XOR operator?
440,3,"How does Python handle indentation, and why is it important?"
437,3,"What are some common methods I can use on lists, and what do they do?"
448,3,How can you convert a string to uppercase or lowercase in Python?
430,3,How does the length extension attack exploit weaknesses in certain hash functions?
409,3,"How does the Hungarian algorithm efficiently solve the assignment problem in weighted bipartite graphs, and what are its applications?"
392,3,Are there any real-world applications where binary search trees are commonly used?
439,3,Can you explain list comprehension with an example?
548,3,Explain how can you make a python script executable on unix?
473,3,Find Greatest Common Divisor (GCD) of 2 numbers using recursion?
542,3,Compare and contrast different methods for evaluating the fairness and interpretability of machine learning models.
504,3,"How does the performance of binary search trees compare to hash tables for searching, insertion, and deletion operations?"
423,3,What is the use of Hashing?
449,3,How can you convert between different data types in Python?
540,3,Solve a hypothetical scenario involving distributed denial of service (DDoS) attacks on a network infrastructure and propose effective countermeasures.
463,3,What is use of the 'async' and 'await' keywords in Python?
421,3,What is a rainbow table and how can it be used to crack hashed passwords?
379,3,Propose strategies for optimizing network performance in a cloud computing environment and evaluate their impact on scalability and reliability.
474,3,How to implement a recursive algorithm to solve the N-Queens problem: placing N queens on an N chessboard such that no two queens threaten each other?
558,3,Explain what is a class in c?
397,3,"How does the concept of ""rotation"" come into play when balancing a binary search tree?"
523,3,Solve a complex optimization problem using genetic algorithms and evaluate the quality of the solutions obtained.
471,3,"How can you determine the length of a list or string in Python, and what is the time complexity of this operation?"
552,3,Explain the concept of overfitting in machine learning and how it can be mitigated?
513,3,Propose and justify strategies for optimizing network performance in a cloud computing environment and evaluate their impact on scalability and reliability.
491,3,"How does the depth of a binary search tree affect the efficiency of its operations, and how can we minimize the depth?"
416,3,"What is AVL tree data structure, its operations, and its rotations?"
539,3,Analyze the ethical considerations surrounding the use of predictive analytics in credit scoring and loan approval processes.
503,3,How does insertion of data in sorted order in a binary search tree affect its time complexity?
465,3,how to demonstrate the concept of vertex cover and provide an algorithm to find it?
490,3,Find Reverse Level Order Traversal of Binary Tree?
417,3,"In blockchain technology, how are hashes used to maintain the integrity of the blockchain and ensure the immutability of transaction records?"
456,3,How to find two odd occurring elements in an array without using any extra space?
531,3,Critically evaluate the advantages and disadvantages of using reinforcement learning for training autonomous agents.
507,3,Analyze the potential security vulnerabilities introduced by Internet of Things (IoT) devices in smart home environments.
475,3,What is the concept of recursive backtracking and its application in solving constraint satisfaction problems?
501,3,How do binary search trees compare to hash tables in terms of memory usage and collision resolution strategies?
418,3,"In Python, why are immutable objects preferred for use as dictionary keys, and how does immutability contribute to consistent hashing and dictionary behavior?"
420,3,What is a Merkle tree and how is it used in blockchain technology?
394,3,Can you provide insights into the use of binary search trees in implementing symbol tables and dictionaries?
472,3,How do you illustrate the Global Interpreter Lock (GIL) in Python and its impact on multi-threading?
390,3,What benefits does the height-balanced property of a binary search tree provide?
525,3,Compare and contrast different clustering algorithms and analyze their effectiveness in grouping similar data points.
1076,6,"Cloud-Native Application Architecture for SaaS: You are tasked with developing a cloud-native application architecture for a software-as-a-service (SaaS) platform. Create a microservices-based architecture that enables scalability, agility, and resilience, incorporating containerization, orchestration, and continuous integration/continuous deployment (CI/CD) pipelines for rapid development and deployment of cloud-native applications."
1085,6,Invent a method for automatically generating explanations for machine learning predictions to enhance trust and interpretability.
1142,6,Design a framework for developing ethical AI algorithms that minimize bias and ensure fairness in automated decision-making.
1036,6,Devise a system for automatically analyzing network traffic patterns to detect and mitigate distributed denial-of-service (DDoS) attacks in real-time.
1122,6,Devise a system for analyzing user behavior on a website to provide personalized content recommendations based on engagement metrics.
1045,6,Propose a framework for implementing zero-trust security architecture in enterprise networks to mitigate insider threats and unauthorized access.
1108,6,Design a recommendation system for an e-commerce platform that utilizes collaborative filtering and content-based filtering techniques.
1159,6,Invent a method for using machine learning to optimize the performance of recommendation algorithms in e-commerce platforms.
1080,6,"Recommendation System for Personalized Content: You are designing a recommendation system for personalized content delivery in online streaming platforms. Create a recommendation algorithm that leverages collaborative filtering, content-based filtering, and reinforcement learning techniques to analyze user preferences, predict user preferences, and recommend relevant movies, TV shows, and music based on individual viewing habits and feedback."
1015,6,"Invent a data structure optimized for storing and retrieving hierarchical data in a web application, considering both memory and time complexity."
1026,6,"Propose a framework for federated learning in edge computing environments, allowing devices to collaboratively train a shared model while preserving privacy."
1145,6,Devise a system for automating vulnerability scanning and threat detection in web applications to enhance cybersecurity.
1010,6,Invent a new framework for automatic machine learning (AutoML) that optimizes both model selection and hyperparameter tuning for various machine learning tasks.
1146,6,Create an architecture for a multi-tenant software-as-a-service (SaaS) platform that ensures data isolation and security for users.
1043,6,Devise a system for automatically monitoring and optimizing energy consumption in smart buildings using IoT sensors and actuators.
1011,6,"Design a new algorithm for multi-modal sentiment analysis that integrates textual, visual, and auditory information to provide more comprehensive sentiment analysis results."
1060,6,Propose a framework for integrating quantum key distribution (QKD) technology into optical fiber networks for ultra-secure communication.
1079,6,"Sentiment Analysis of Customer Reviews: You are developing a natural language processing (NLP) model for sentiment analysis of customer reviews in e-commerce platforms. Create a sentiment analysis pipeline that preprocesses text data, extracts features, and trains a machine learning classifier to classify reviews into positive, negative, or neutral sentiments, incorporating techniques such as word embeddings, attention mechanisms, and model ensemble for accurate sentiment prediction."
1120,6,Create a cloud-based platform for collaborative software development that incorporates version control and project management features.
1058,6,Plan a satellite communication system for providing broadband internet access to remote and underserved regions around the world.
989,6,"Create a comprehensive cybersecurity framework for securing Internet of Things (IoT) devices in smart homes, considering both device-level and network-level security measures."
1143,6,Propose a method for optimizing the performance of machine learning models through hyperparameter tuning and feature selection.
1038,6,Plan a disaster recovery strategy for ensuring business continuity in the event of a widespread cyberattack or natural disaster affecting critical infrastructure.
1077,6,"Blockchain-Based Supply Chain Management: You are designing a blockchain-based supply chain management system for tracking and tracing products across the supply chain. Create a blockchain network that provides transparency, traceability, and immutability of supply chain transactions, incorporating smart contracts for automating contract execution, provenance tracking, and real-time visibility into product movements."
1136,6,Create a framework for implementing DevOps practices in software development teams to enhance collaboration and efficiency.
1160,6,Design a user-friendly dashboard for visualizing key performance indicators (KPIs) in business intelligence applications.
1109,6,Invent a method for securely sharing data among multiple parties using blockchain technology to enhance data privacy.
1124,6,Create a framework for developing secure APIs that protect against common vulnerabilities such as SQL injection and cross-site scripting.
1121,6,Formulate a strategy for building a resilient disaster recovery plan for critical IT infrastructure to ensure business continuity.
1138,6,Design a system for automating network configuration management to ensure consistency and compliance in enterprise networks.
1087,6,Devise a method for automatically detecting and correcting errors in medical imaging datasets to improve the accuracy of diagnostic models.
1093,6,"You are spearheading the development of a personalized recommendation engine for an online streaming platform. Create a prototype of the recommendation engine using machine learning algorithms to analyze user preferences and behavior, generate personalized content recommendations, and enhance user engagement and satisfaction."
1031,6,Devise a framework for evaluating the interpretability and trustworthiness of machine learning models in critical decision-making applications.
1039,6,Invent a framework for automating the deployment and management of containerized microservices in a cloud-native environment.
1021,6,Plan a distributed computing framework for processing large-scale scientific datasets across multiple heterogeneous computing nodes.
1105,6,Devise a system for monitoring and mitigating cyber threats using advanced threat detection algorithms and machine learning.
1091,6,"You are leading a team of software engineers in developing a cutting-edge virtual reality (VR) application for immersive training simulations. Create a comprehensive project roadmap outlining the software development lifecycle, including requirements gathering, design, implementation, testing, and deployment phases, along with milestones and deliverables."
1006,6,Invent a new approach for federated learning that ensures privacy-preserving collaborative model training across multiple organizations without sharing raw data.
1117,6,Plan a project for developing a digital twin of a manufacturing process to improve operational efficiency and predictive maintenance.
1149,6,Create a system for real-time monitoring of server performance metrics to ensure optimal operation of cloud services.
1111,6,"Propose a machine learning solution for predicting customer churn in subscription-based services, focusing on data-driven insights."
1050,6,Devise a system for automatically detecting and mitigating insider threats in organizational networks using behavior analysis and anomaly detection techniques.
1047,6,Design a scalable and fault-tolerant content delivery network (CDN) for efficiently distributing multimedia content to users worldwide.
1044,6,Hypothesize an approach for ensuring data privacy and confidentiality in distributed ledger systems while maintaining transparency and auditability.
1068,6,Design a satellite constellation system for providing global broadband coverage and low-latency communication services to remote areas and maritime vessels.
1065,6,Plan a disaster recovery strategy for restoring communication networks in the aftermath of natural disasters such as earthquakes or hurricanes.
981,6,"Develop a new programming language specifically tailored for distributed computing, incorporating features to handle fault tolerance and scalability."
1107,6,Plan a methodology for conducting a thorough code review process to ensure software quality and security in development teams.
999,6,Develop a new algorithm for optimizing spectrum allocation in cognitive radio networks to maximize spectrum utilization while minimizing interference.
990,6,Design a new system for automatically detecting and mitigating zero-day vulnerabilities in enterprise software applications before they can be exploited by attackers.
987,6,Invent a novel mechanism for preventing distributed denial-of-service (DDoS) attacks on cloud-based services without compromising legitimate user access.
983,6,Invent a novel technique for automatically generating code documentation that enhances readability and maintainability of software projects.
1000,6,Propose a new method for enhancing the security and privacy of wireless sensor networks through lightweight encryption and authentication mechanisms.
1147,6,Plan a methodology for conducting usability testing of a software application to enhance user experience and satisfaction.
996,6,Invent a new algorithm for optimizing cloud resource provisioning based on dynamic workload patterns and performance requirements.
1035,6,Formulate a strategy for implementing edge computing solutions in remote industrial environments to enable real-time monitoring and control.
991,6,Develop a novel blockchain-based solution for ensuring the integrity and transparency of supply chain transactions across multiple organizations.
1156,6,Design a comprehensive data backup and recovery solution for protecting critical business information against data loss.
1016,6,Formulate a framework for automatically detecting and mitigating software vulnerabilities in real-time across diverse programming languages.
1030,6,Formulate an algorithm for automatically generating synthetic training data to augment limited datasets for training deep learning models.
1125,6,Propose an approach for using machine learning algorithms to enhance predictive analytics in healthcare for patient diagnosis and treatment.
1067,6,Propose a framework for integrating terahertz communication technology into existing wireless networks for high-speed data transmission in indoor environments.
1110,6,Create an intelligent virtual assistant that leverages natural language processing to provide personalized responses in customer support.
1137,6,Propose a method for enhancing data visualization techniques in business analytics tools to facilitate better insights.
994,6,Devise a new system for automatically classifying and prioritizing cybersecurity incidents based on their severity and potential impact on business operations.
1104,6,Formulate a strategy for optimizing the performance of distributed databases in a large-scale web application.
992,6,Propose a new approach for integrating artificial intelligence (AI) and robotics technologies to automate and optimize warehouse management processes.
1013,6,Propose a novel algorithm for optimizing database indexing in distributed systems to minimize query response time.
1133,6,Design a user authentication mechanism that incorporates biometric data to enhance security in mobile applications.
1129,6,Create an architecture for a decentralized application (dApp) that leverages blockchain technology for peer-to-peer transactions.
1089,6,Devise a system for autonomously inspecting and repairing underwater pipelines using robotic platforms equipped with sensors and manipulators.
1090,6,"You are tasked with designing a novel algorithm for optimizing resource allocation in cloud computing environments to minimize energy consumption while maximizing performance. Develop a detailed plan outlining the algorithm's design principles, implementation steps, and evaluation criteria for assessing its efficiency and scalability."
1003,6,Design a novel algorithm for personalized recommendation systems that leverages both explicit and implicit user feedback to improve recommendation accuracy.
1103,6,"Design a machine learning model for real-time fraud detection in financial transactions, incorporating anomaly detection techniques."
1020,6,Invent a new protocol for secure and efficient communication between Internet of Things (IoT) devices in a smart home environment.
1033,6,Propose a novel approach for integrating blockchain technology into supply chain management systems to enhance transparency and traceability.
1004,6,Develop a new framework for interpretable machine learning models that provide insights into model decision-making processes for better transparency and trust.
1007,6,Formulate a new algorithm for detecting and mitigating bias in machine learning models to ensure fairness and equity in algorithmic decision-making.
1056,6,Devise a system for automatically detecting and mitigating electromagnetic interference (EMI) in electronic devices and communication systems.
984,6,Formulate a new approach for dynamic resource allocation in cloud computing environments to optimize cost and resource utilization.
731,4,Compare the features and implications of implementing machine learning in edge computing versus cloud computing.
758,4,Compare the advantages of using Scrum versus Kanban frameworks in managing software projects.
749,4,Software Testing and Quality Assurance
634,4,Write a program in Python to produce a star triangle.
746,4,Evaluate the effectiveness of using simulation environments versus real-world testing for robot deployment.
584,4,Evaluate the effectiveness of using machine learning algorithms for detecting and preventing cyberattacks in real-time.
699,4,"Evaluate the effectiveness of various authentication methods (OAuth, JWT, API keys) in securing IoT devices."
614,4,Compare and contrast different methods for secure authentication in wireless communication systems and analyze their vulnerabilities.
669,4,Analyze the effectiveness of using HTTP/2 compared to HTTP/1.1 for improving web application performance.
723,4,Compare the performance of different sorting algorithms (quick sort vs. merge sort) in various scenarios.
703,4,Analyze the effectiveness of containerization (Docker) versus virtualization (VMware) for cloud application management.
713,4,Compare the advantages and limitations of TCP versus UDP for network communications.
633,4,Are the print syntax the same in every programming language?
687,4,Compare the effectiveness of decision trees versus support vector machines in classification tasks.
711,4,Compare the benefits of using machine learning algorithms versus traditional statistical methods for data analysis.
724,4,Analyze the trade-offs between using hash tables versus binary search trees for data retrieval.
732,4,Analyze the impact of 5G technology on IoT applications compared to previous generations of mobile networks.
607,4,Analyze the impact of electromagnetic interference (EMI) on the performance of electronic systems and propose mitigation techniques.
666,4,Analyze the impact of eventual consistency versus strong consistency models in distributed databases like Cassandra and MongoDB.
582,4,Propose strategies for optimizing the performance of web servers handling millions of concurrent requests and evaluate their impact on user experience.
602,4,Propose and evaluate innovative solutions for improving the efficiency of spectrum utilization in wireless networks.
706,4,Analyze the impact of using auto-scaling versus manual scaling strategies in cloud environments.
676,4,Analyze the performance implications of using in-memory data grids like Hazelcast versus traditional database caching.
762,4,Analyze the trade-offs between using public versus private key infrastructures (PKI) in securing cloud communications.
748,4,Analyze the impact of sensor fusion techniques versus single sensor approaches in robotic perception.
612,4,Evaluate the feasibility of using blockchain technology for secure and transparent supply chain management in the electronics industry.
616,4,Critically analyze the challenges and benefits of implementing blockchain technology in the aerospace industry for managing aircraft maintenance records.
764,4,Compare the benefits of using data encryption versus data masking in cloud data security.
678,4,"Compare the features and limitations of different backup strategies (full, incremental, differential) in database management."
621,4,Can big data really improve my research quality?
600,4,Solve a complex optimization problem related to antenna array design and evaluate the performance of different beamforming algorithms.
704,4,Evaluate the trade-offs between using a public cloud versus a hybrid cloud approach for enterprise applications.
701,4,Analyze the impact of battery consumption in mobile applications versus IoT devices when using different communication protocols.
586,4,Solve a hypothetical scenario involving a ransomware attack on a critical infrastructure system and propose strategies for recovery and prevention.
583,4,Solve a complex optimization problem related to data compression techniques and evaluate the trade-offs between compression ratio and computational complexity.
685,4,Analyze the benefits of implementing code reviews versus automated testing in ensuring software quality.
756,4,Analyze the benefits and challenges of using project management tools (JIRA vs. Trello) in team collaboration.
736,4,Evaluate the responsibilities of software developers in ensuring accessibility versus functionality in applications.
680,4,Software Development and Methodologies
642,4,Can a variable hold different types of data at different times during the execution of the program?
573,4,Solve a hypothetical scenario involving a data breach in a financial institution and propose a comprehensive incident response plan.
692,4,Compare the performance of client-side rendering versus server-side rendering in web applications.
726,4,Compare the features and limitations of different graph traversal algorithms (DFS vs. BFS).
708,4,Compare the effectiveness of various data visualization tools (Tableau vs. Power BI) in business intelligence.
740,4,Analyze the impact of usability testing versus A/B testing on improving user experience.
698,4,Analyze the performance implications of using REST versus WebSockets for real-time communication in IoT applications.
722,4,"Analyze the effectiveness of various software design patterns (MVC, Singleton, Factory) in application architecture."
570,4,Can you describe the challenges and strategies involved in solving the N-Queens problem using recursive backtracking?
632,4,Describe the characteristics of a pie chart.
751,4,Analyze the effectiveness of different testing methodologies (unit testing vs. integration testing) in ensuring software quality.
734,4,Compare the ethical implications of using AI in surveillance versus privacy preservation.
743,4,Analyze the importance of responsive design versus adaptive design in web applications.
585,4,Propose and justify strategies for securing Internet of Things (IoT) devices against cyberattacks in smart home environments.
728,4,Compare the benefits and limitations of using blockchain technology versus traditional databases for data storage.
745,4,Analyze the trade-offs between using rule-based versus machine learning-based approaches in robotic control systems.
696,4,Analyze the trade-offs between using GraphQL versus REST APIs for web application data fetching.
707,4,Data Analysis and Visualization
759,4,Analyze the role of risk management versus change management in IT project success.
750,4,Compare the advantages of manual testing versus automated testing in software development.
700,4,Compare the trade-offs between using local storage versus cloud storage for mobile app data caching.
638,4,Write a program to produce the Fibonacci series in Python.
767,4,Analyze the effectiveness of different shading techniques (flat shading vs. smooth shading) in computer graphics.
565,4,Is Dijkstra's algorithm a Greedy or Dynamic Programming algorithm?
712,4,Analyze the impact of data cleaning versus data augmentation on the quality of analysis results.
681,4,Compare the advantages of Agile versus Waterfall methodologies in software development projects.
566,4,Does Hashing can help in constructing Data?
761,4,Compare the effectiveness of using Identity and Access Management (IAM) solutions versus traditional authentication methods in cloud security.
635,4,Can you explain the use of the __init__ method in Python classes?
601,4,Compare and contrast different error correction codes used in digital communication systems and analyze their performance in noisy channels.
629,4,"Can you explain the significance of different shapes used in a flowchart, like rectangles, diamonds, and ovals?"
690,4,"Compare the strengths and weaknesses of different loss functions (e.g., mean squared error vs. cross-entropy) in training neural networks."
576,4,Propose and justify strategies for mitigating the risks associated with insider threats in corporate IT environments.
721,4,Compare the features and limitations of different programming paradigms (imperative vs. declarative).
686,4,Machine Learning and Artificial Intelligence
631,4,Describe histogram vs. bar graph.
672,4,Evaluate the benefits and limitations of employing penetration testing versus vulnerability scanning for identifying security weaknesses.
606,4,Propose and justify strategies for optimizing power consumption in mobile communication devices and evaluate their impact on battery life.
674,4,"Analyze the effectiveness of various endpoint security solutions (e.g., EDR vs. antivirus) in protecting against malware."
567,4,Provide examples of different data types?
737,4,Compare the ethical considerations of data mining versus user consent in data-driven applications.
888,5,How to design a recursive algorithm to find the longest palindromic subsequence within a string?
778,5,"Can you explain how binary search trees can be used to implement various set operations like union, intersection, and difference?"
796,5,"How can you visualize natural language processing results, such as sentiment analysis, topic modeling, and named entity recognition, to provide meaningful insights from unstructured text?"
793,5,How can data visualization and interactive tools enhance the communication and dissemination of research findings to both scientific and non-scientific audiences?
782,5,"How can search, insertion and deletion in a binary search tree be improved?"
790,5,Describe various strategies for sorting large datasets that cannot fit into memory. How can external sorting algorithms be used to efficiently sort such datasets?
950,5,"What is the concept of a ""dummy node"" and how it can be used to simplify operations on doubly linked lists?"
799,5,What are the ethical considerations and potential biases associated with using automated decision-making algorithms that rely on large-scale data analysis?
887,5,"How is the ""divide and conquer"" approach related to recursion, and provide examples of algorithms that follow this paradigm?"
830,5,Debate the ethical implications of data mining techniques in online advertising for user privacy and autonomy.
847,5,Judge the scalability of a distributed database system for handling concurrent read and write operations in a cloud environment.
936,5,Could you provide an example of how a doubly linked list can be used in a real-world application?
963,5,Could you provide examples of algorithms that utilize doubly linked lists for solving specific problems?
806,5,"When visualizing time-series data, what are the best practices for handling temporal changes and trends?"
942,5,How do you handle memory deallocation and potential memory leaks when working with doubly linked lists?
770,5,How to convert a BST into a Greater Sum Tree without using extra space?
889,5,"What is the concept of memoization in recursion, and how can it improve the efficiency of certain recursive algorithms?"
798,5,"Python provides various libraries and frameworks for data analysis and scientific computing, such as NumPy, pandas, and SciPy."
808,5,Judge the effectiveness of a machine learning model for sentiment analysis based on its accuracy and generalization performance.
949,5,"What are the trade-offs between using an explicit ""previous"" pointer and a ""reverse"" pointer when reversing a doubly linked list?"
777,5,How can you determine whether a given binary tree is a valid binary search tree?
946,5,How could you implement a doubly linked list that maintains a sliding window of a fixed size efficiently?
959,5,What are the advantages and disadvantages of using a doubly linked list over a singly linked list?
832,5,Assess the feasibility of implementing blockchain technology for ensuring the integrity and transparency of supply chain management.
837,5,Debate the ethical implications of using artificial intelligence algorithms for automated decision-making in healthcare diagnostics.
861,5,Debate the ethical implications of using artificial intelligence algorithms for autonomous weapons systems in military operations.
856,5,Assess the efficiency of a blockchain-based smart contract platform for automating business processes and transactions.
784,5,What are the different cases to consider when deleting a node in a binary search tree?
866,5,An IoT (Internet of Things) startup is assessing the security vulnerabilities of smart home devices connected to its platform.
781,5,Can you provide examples of algorithms or strategies for converting a sorted array into a balanced binary search tree?
872,5,"What is inheritance in Python, and how does it facilitate code reuse and organization?"
819,5,"Debate the ethical considerations of using autonomous vehicles in terms of safety, liability, and societal impact."
954,5,Can you explain how doubly linked lists can be used in LRU (Least Recently Used) cache replacement policies?
958,5,Could you explain the process of swapping adjacent elements in a doubly linked list?
966,5,How does the use of a doubly linked list in a memory allocator contribute to managing memory fragmentation?
911,5,How can a stack be utilized in solving problems related to tree traversal?
826,5,Judge the reliability of a software-defined storage (SDS) solution in optimizing data storage and retrieval across heterogeneous environments.
780,5,What is the difference between a top-down and a bottom-up approach when constructing a balanced binary search tree?
831,5,Judge the efficiency of a cybersecurity incident response plan in containing and mitigating the impact of a data breach.
825,5,"Assess the reliability of a distributed consensus algorithm (e.g., Paxos, Raft) for achieving fault tolerance in distributed systems."
893,5,How to link nodes present in each level of a binary tree in the form of a linked list?
785,5,What is the time complexity of constructing a binary search tree from a sorted list of elements?
771,5,Are there any real-world examples or projects that heavily rely on binary search trees for solving complex problems?
961,5,"In what scenarios would using a doubly linked list be more suitable than using a dynamic array, especially when considering memory allocation and resizing?"
875,5,"What is the principle of ""Divide and Conquer,"" and how is it related to recursion?"
899,5,How can a stack be used to convert an infix expression to a postfix expression?
842,5,Criticize the fairness and transparency of algorithmic decision-making systems used in online lending and credit scoring.
812,5,Judge the scalability of a cloud computing infrastructure for handling variable workloads and peak demand scenarios.
795,5,"How can they handle issues related to echo chambers, filter bubbles, and other forms of digital polarization that can affect the representativeness of the data?"
811,5,Critique the usability of a mobile application interface and propose improvements based on user feedback and ergonomic principles.
912,5,How can a stack help in solving problems related to finding nearest smaller elements?
858,5,Criticize the fairness and transparency of algorithmic decision-making systems used in online content recommendation.
809,5,Assess the security vulnerabilities of a web application and recommend strategies for enhancing its cybersecurity posture.
829,5,Assess the reliability of a virtual private network (VPN) for securing remote access to corporate networks.
896,5,What are the advantages and disadvantages of using a singly linked list over an array?
898,5,"How can a stack be employed in a web browser's ""back"" functionality?"
813,5,Assess the reliability of a software testing framework in detecting and fixing defects across multiple platforms and environments.
824,5,Debate the ethical implications of using predictive analytics in law enforcement for crime prediction and prevention.
818,5,Judge the effectiveness of a bug bounty program in identifying and resolving security vulnerabilities in software applications.
835,5,Judge the effectiveness of a data anonymization technique in protecting sensitive information while preserving data utility.
787,5,How can binary search trees be used to solve problems related to finding the closest or next greater/smaller element?
953,5,Can you explain how a doubly linked list can be used in an implementation of a music playlist?
850,5,Criticize the reliability of a two-factor authentication (2FA) system in preventing unauthorized access to online accounts.
779,5,Can you provide an example of a real-world problem that can be effectively solved using a binary search tree?
940,5,How can you implement a circular doubly linked list with an efficient insertion and deletion mechanism?
854,5,Critique the accuracy of a natural language processing (NLP) model for sentiment analysis in customer feedback analysis.
962,5,"What are the performance considerations when using doubly linked lists, especially in situations where frequent insertions and deletions are required?"
952,5,What are the steps to merge two sorted doubly linked lists without using any extra space?
895,5,"How to find the middle element of a singly linked list using slow and fast pointers, and what applications does this have?"
948,5,What are the trade-offs between using a singly linked list and a doubly linked list in terms of memory consumption and ease of implementation?
908,5,How does the collections.deque class in Python facilitate stack operations?
956,5,"Can you explain the concept of a ""circular doubly linked list"" and the applications where it can provide advantages over other linked list variants?"
849,5,"Debate the ethical considerations of using biometric authentication methods (e.g., fingerprint, facial recognition) in law enforcement."
939,5,How can you address synchronization issues when using doubly linked lists in a multi-threaded environment?
833,5,"Debate the ethical considerations of using biometric authentication methods (e.g., fingerprint, facial recognition) in consumer devices."
944,5,How would you implement a doubly linked list with constant time insertions and deletions at both ends?
840,5,Assess the efficiency of a bug bounty program in incentivizing security researchers to discover and report software vulnerabilities.
769,5,"What are some common misconceptions or pitfalls associated with binary search trees, and how can they be avoided?"
834,5,Criticize the reliability of a network intrusion detection system (NIDS) in accurately identifying and blocking malicious network traffic.
774,5,"What is the worst-case time complexity of searching, inserting, and deleting in a binary search tree?"
212,1,What are the differences between a set and a list in Python?
51,1,How does the binary search property impact the time complexity of searching for an element in a binary search tree?
18,1,How does the choice of insertion and deletion algorithms affect the balance of a binary search tree?
241,1,What is the role of the stack pointer register in CPU architectures?
34,1,"What is a ""balanced search tree"" and how does it differ from a binary search tree?"
229,1,How does tail call optimization affect the usage of the call stack?
4,1,Can a binary search tree be empty?
26,1,"What are ""self-balancing binary search trees""?"
111,1,How to install Python on Windows and set path variable?
193,1,What is the purpose and usage of the 'pass' statement in Python?
230,1,How the pop operation works on a stack?
47,1,Why is balance important for efficient operations?
41,1,"What is the ""successor"" of a node in a binary search tree?"
5,1,Find Diagonal Traversal of Binary Tree?
214,1,What is list comprehension?
43,1,"What is the difference between a ""binary search tree"" and a ""binary tree with the binary search property""?"
208,1,How do you remove an element from a list without knowing its index?
133,1,Why do we need to learn Hashing?
134,1,"How does the concept of hashing address the need for efficient data retrieval, and what are the key advantages it offers over traditional linear or binary search techniques?"
7,1,Find the Lowest Common Ancestor (LCA) of two nodes in a BST?
223,1,What is a priority queue and how is it different from a regular queue?
130,1,What is the Double Hashing?
9,1,How can you efficiently find the kth smallest or largest element in a Binary Search Tree without traversing the entire tree?
104,1,What is the concept of variable scope in Python?
128,1,what is the comparison between the hashlib and the hmac libraries in Python?
118,1,How does linear hashing enable dynamic resizing of hash tables without rehashing all elements?
77,1,How to find count of distinct elements in every sub-array of size k?
248,1,How does the hardware stack in a microcontroller differ from a software-defined stack?
94,1,What are the rules for naming variables in Python?
192,1,What is the difference between the '==' operator and the 'is' keyword?
0,1,Are there any scenarios or types of data where a binary search tree might not be the best choice?
19,1,"How does the concept of ""tree rotation"" work, and what are its applications in binary search trees?"
211,1,What are slicing and indexing in Python lists and strings?
194,1,"What is the purpose of the ""staticmethod"" decorator, and how does it differ from the ""classmethod"" decorator?"
150,1,"What are references in Python, and how do they work?"
198,1,What is typecasting in Python?
68,1,What are void pointers?
234,1,"What is a double-ended stack, and how is it different from a regular stack?"
29,1,What are the conditions that need to be maintained to ensure that a binary tree remains a valid binary search tree?
127,1,What is Linear probing in hashing?
53,1,"What are ""complete binary trees,"" and how do they differ from regular binary search trees?"
122,1,What are the important aspects of Hashing?
98,1,What is a conditional statement in Python?
64,1,"What would it be called, if the tree's root has one child and that child has one child, then so on?"
253,1,How stack memory management can impact the scalability of parallel algorithms?
197,1,What is the syntax of recursion?
202,1,How do you take user input in Python?
13,1,How do you binary search a tree?
89,1,What are namespaces and scopes in Python?
69,1,Find Duplicate Rows in a Binary Matrix?
57,1,"What are the fundamental characteristics of a Binary Search Tree (BST), and how do they contribute to efficient data storage and retrieval?"
252,1,How distributed stack-based memory allocation can be advantageous for resource management?
195,1,What is the purpose of the 'items()' method in Python dictionaries?
114,1,What is the difference between the Breadth First Search (BFS) and Depth First Search (DFS)?
221,1,What are the applications for priority queue?
245,1,How can thread synchronization mechanisms impact the usage of thread stacks?
42,1,"What is the concept of a ""balanced"" binary search tree, and why is it important?"
115,1,"Additionally, how can you identify the most time-efficient route if there is a constraint on the maximum number of cities that can be visited along the path?"
65,1,How does the choice of traversal strategy impact the performance of binary search trees in different scenarios?
79,1,How to find Index of Maximum Occurring Element with Equal Probability?
102,1,What is inheritance in OOP?
40,1,What is bst?
144,1,How can I sort a list in Python?
28,1,What are the challenges of concurrent access and modification in multi-threaded environments with binary search trees?
206,1,How do you define and call methods on strings in Python?
213,1,"What are tuples in Python, and how are they different from lists?"
11,1,How do binary search trees fare in terms of cache locality and memory access patterns?
207,1,"What are the differences  between single quotes (') and double quotes ("") when defining strings?"
238,1,What is the LIFO (Last-In-First-Out) principle in the context of stacks?
33,1,What challenges might arise when working with binary search trees in a concurrent or multi-threaded environment?
21,1,How does tree rotations help in maintaining balance?
147,1,What is a nested list?
137,1,How does Hash actually works internally?
112,1,How to remove whitespaces from a string in Python?
227,1,How do you push an element onto a stack?
113,1,"What is Dijkstra's algorithm, and how does it work?"
140,1,How many hashs can actually be called efficient and with what basis?
119,1,How does locality-sensitive hashing enable efficient similarity search in high-dimensional spaces?
148,1,What is the key difference between lists and tuples?
205,1,What is the purpose of the else clause in a for loop in Python?
292,2,Is hash used in Machine learning?
330,2,Consider you're designing a wireless sensor network for environmental monitoring. Explain how you would select suitable communication protocols and energy-efficient routing algorithms to prolong network lifetime and data reliability.
258,2,Can data change the world?
364,2,Does apps datas need to be structured?
335,2,"Suppose you're planning the deployment of a fiber optic network for high-speed internet access. Describe the fiber optic cable types, connector interfaces, and installation techniques you would use to optimize signal integrity and bandwidth."
338,2,"Consider you're designing a cellular network for urban deployment. Explain how you would plan cell site locations, configure base station antennas, and optimize radio frequency (RF) coverage to provide seamless mobile connectivity."
300,2,"Can you explain the concept of a ""comprehension"" in Python?"
268,2,Is graph really necessary for a research paper?
316,2,Compare the different types of distance metrics used in clustering and classification tasks.
265,2,can you explain the concept of data normalization?
308,2,"Can you explain the concept of a ""stack-based algorithm""?"
365,2,Distinguish loop and recursion?
294,2,Can you illustrate the concept of rainbow tables in relation to hash cracking?
257,2,Can a particular data provide the overview of an analysis?
273,2,Can you explain the difference between Python 2 and Python 3?
323,2,Compare the different types of neural network activation functions in terms of their properties and suitability for deep learning.
319,2,Compare the various types of recommendation systems in terms of their recommendation accuracy and scalability.
282,2,Print all Hamiltonian paths present in a graph?
344,2,Suppose you're performing anomaly detection in network traffic data. Describe the unsupervised learning algorithms and feature engineering techniques you would apply to detect unusual patterns and potential security threats.
329,2,"Discuss the principles of unsupervised learning techniques, explaining their use for discovering hidden patterns in data."
348,2,"Differentiate between TCP and UDP protocols in terms of their reliability, ordering guarantees, and overhead."
305,2,Is it possible to do a recursion without using loop?
277,2,"Graph is more like mapping, isn't it?"
261,2,can data link with someone?
290,2,Can it be used to store user passwords?
299,2,"Can you explain the concept of ""truthiness"" and ""falsiness"" in Python?"
347,2,"Explain the concept of virtual memory management in operating systems, discussing techniques such as paging and segmentation."
312,2,Compare the different types of anomaly detection algorithms in terms of their detection capabilities and computational complexity.
313,2,"Explain the concept of data augmentation in deep learning, discussing techniques for generating synthetic data to improve model generalization."
289,2,Can hash be used on a cryptocurrency site?
286,2,For an undirected graph with n vertices and e edges the sum of the degree of each vertex is equal tonA 2nnB 2enC e212nD 2n12?
373,2,Will basic function outsmart recursive function?
280,2,Does graph can be used in websites?
304,2,Is it possible to apply loops in Recursion?
264,2,Can you add cells to store data?
276,2,"Have you used any external libraries for specific tasks, such as data analysis, web development, or machine learning?"
324,2,"Explain the concept of bias in machine learning algorithms, discussing its sources and implications for model fairness and inclusivity."
293,2,Is Bug related with Hashing?
269,2,Is it really possible that data could solve any problem?
354,2,"Explain the concept of pointers in C/C++ programming, discussing their role in memory manipulation and potential risks such as memory leaks."
341,2,"Suppose you're training a convolutional neural network (CNN) for image classification tasks. Explain how you would preprocess image data, design the network architecture, and fine-tune model hyperparameters to optimize classification accuracy."
296,2,Can you provide insights into the challenges and techniques of parallelizing recursive algorithms to take advantage of multi-core processors and distributed computing systems?
322,2,"Discuss the principles of semi-supervised learning techniques, explaining their use for leveraging unlabeled data to improve model performance."
332,2,"Imagine you're optimizing the throughput of a Wi-Fi network in a crowded urban area. Explain how you would mitigate interference, improve signal coverage, and prioritize traffic using quality of service (QoS) mechanisms."
366,2,Don't you think Algorithm and Data Structure should be completed in the same semester instead of seperate semester?
374,2,Will recursion make the stack queue easier than usual function?
325,2,"Discuss the principles of text preprocessing techniques, explaining their role in NLP tasks."
333,2,"Suppose you're troubleshooting a voice quality issue in a cellular network. Describe the key performance indicators (KPIs) and metrics you would analyze to identify factors affecting call drops, latency, and audio distortion."
283,2,Are there efficient algorithms for solving it?
262,2,Can we handle the large amount of data in small amount of time?
303,2,Can we use recursion in Hashing?
298,2,Determine if two strings are anagram or not?
310,2,"Explain the concept of overfitting in machine learning, discussing its causes and techniques for preventing it, such as early stopping and dropout regularization."
349,2,"Discuss the principles of distributed computing, explaining concepts such as CAP theorem and eventual consistency."
345,2,"Suppose you're clustering customer segments for targeted marketing campaigns. Explain how you would preprocess customer demographic data, select clustering algorithms, and evaluate cluster validity to identify meaningful segments."
266,2,Can you explain the steps you took to ensure the accuracy and reliability of your data?
328,2,"Explain the concept of model explainability in machine learning, discussing techniques for interpreting model predictions and building trust with stakeholders."
317,2,"Explain the concept of data preprocessing in machine learning, discussing techniques such as normalization, feature scaling, and missing value imputation."
291,2,Can we use Hashing in Game?
281,2,Herder node is used as sentinel in graphs or stacks?
275,2,Explain Python namespace?
309,2,Can you explain the fundamental operations associated with a stack?
334,2,"Consider you're designing a satellite communication system for remote sensing applications. Explain how you would calculate link budget parameters, including path loss, antenna gain, and noise figure, to ensure reliable data transmission."
279,2,Is Graph hard?
342,2,Consider you're analyzing customer sentiment from social media data. Describe the natural language processing (NLP) techniques and sentiment analysis algorithms you would use to extract insights and visualize trends from text data.
311,2,"Discuss the principles of model interpretability techniques, explaining their use for explaining black-box model predictions."
320,2,"Explain the concept of deep reinforcement learning, discussing its applications in game playing, robotics, and autonomous systems."
326,2,"Interpret the concept of data privacy and ethics in AI & DS, discussing challenges such as algorithmic bias, data anonymization, and informed consent."
284,2,Can graph be called as map?
287,2,Is there a path between two nodes in this undirected graph?
274,2,Does python make use of access specifiers?
363,2,"Algorithm and Data Structure is like console and a Game, isn't it?"
263,2,Can we use AI to manipulate data?
255,2,Are there any known biases or limitations in the data collection process?
256,2,Are there any privacy or security considerations associated with the data?
267,2,Explain the concept of data lineage and its significance in understanding the origins and transformations of data within a complex data ecosystem?
352,2,"Compare the various data serialization formats (e.g., JSON, XML, Protocol Buffers) in terms of efficiency and readability."
350,2,"Explain the concept of recursion in data structures, providing examples of recursive algorithms for tree traversal and graph traversal."
315,2,"Interpret the concept of probabilistic graphical models, discussing their use for representing and reasoning under uncertainty."
314,2,"Discuss the principles of adversarial machine learning, explaining techniques for generating adversarial examples and defending against them."
